-- Generated by Craft v2.6.2779 on May 7, 2016, 1:28:25 AM.

--
-- Disable foreign key checks and autocommit.
--

SET FOREIGN_KEY_CHECKS = 0;
SET SQL_MODE = "NO_AUTO_VALUE_ON_ZERO";
SET AUTOCOMMIT = 0;
SET NAMES utf8;


DROP TABLE IF EXISTS `craft_assetfiles`;


--
-- Schema for table `craft_assetfiles`
--
CREATE TABLE `craft_assetfiles` (
  `id` int(11) NOT NULL,
  `sourceId` int(11) DEFAULT NULL,
  `folderId` int(11) NOT NULL,
  `filename` varchar(255) COLLATE utf8_unicode_ci NOT NULL,
  `kind` varchar(50) COLLATE utf8_unicode_ci NOT NULL DEFAULT 'unknown',
  `width` int(11) unsigned DEFAULT NULL,
  `height` int(11) unsigned DEFAULT NULL,
  `size` bigint(20) unsigned DEFAULT NULL,
  `dateModified` datetime DEFAULT NULL,
  `dateCreated` datetime NOT NULL,
  `dateUpdated` datetime NOT NULL,
  `uid` char(36) COLLATE utf8_unicode_ci NOT NULL DEFAULT '0',
  PRIMARY KEY (`id`),
  UNIQUE KEY `craft_assetfiles_filename_folderId_unq_idx` (`filename`,`folderId`),
  KEY `craft_assetfiles_sourceId_fk` (`sourceId`),
  KEY `craft_assetfiles_folderId_fk` (`folderId`)
) ENGINE=InnoDB DEFAULT CHARSET=utf8 COLLATE=utf8_unicode_ci;

--
-- Data for table `craft_assetfiles`
--

INSERT INTO `craft_assetfiles` (`id`, `sourceId`, `folderId`, `filename`, `kind`, `width`, `height`, `size`, `dateModified`, `dateCreated`, `dateUpdated`, `uid`) VALUES
 ('20', '1', '1', 'mrpaulphan_logo.png', 'image', '161', '75', '4807', '2016-05-07 01:27:43', '2016-05-07 01:27:43', '2016-05-07 01:27:43', '87bd6ff9-f5b7-4b15-a32a-850b6b6633bd');



DROP TABLE IF EXISTS `craft_assetfolders`;


--
-- Schema for table `craft_assetfolders`
--
CREATE TABLE `craft_assetfolders` (
  `id` int(11) NOT NULL AUTO_INCREMENT,
  `parentId` int(11) DEFAULT NULL,
  `sourceId` int(11) DEFAULT NULL,
  `name` varchar(255) COLLATE utf8_unicode_ci NOT NULL,
  `path` varchar(255) COLLATE utf8_unicode_ci DEFAULT NULL,
  `dateCreated` datetime NOT NULL,
  `dateUpdated` datetime NOT NULL,
  `uid` char(36) COLLATE utf8_unicode_ci NOT NULL DEFAULT '0',
  PRIMARY KEY (`id`),
  UNIQUE KEY `craft_assetfolders_name_parentId_sourceId_unq_idx` (`name`,`parentId`,`sourceId`),
  KEY `craft_assetfolders_parentId_fk` (`parentId`),
  KEY `craft_assetfolders_sourceId_fk` (`sourceId`)
) ENGINE=InnoDB AUTO_INCREMENT=2 DEFAULT CHARSET=utf8 COLLATE=utf8_unicode_ci;

--
-- Data for table `craft_assetfolders`
--

INSERT INTO `craft_assetfolders` (`id`, `parentId`, `sourceId`, `name`, `path`, `dateCreated`, `dateUpdated`, `uid`) VALUES
 ('1', NULL, '1', 'images', '', '2016-05-07 01:26:30', '2016-05-07 01:26:30', 'edfd9f2c-0d50-4d6c-87dd-46159152d978');



DROP TABLE IF EXISTS `craft_assetindexdata`;


--
-- Schema for table `craft_assetindexdata`
--
CREATE TABLE `craft_assetindexdata` (
  `id` int(11) NOT NULL AUTO_INCREMENT,
  `sessionId` varchar(36) COLLATE utf8_unicode_ci NOT NULL DEFAULT '',
  `sourceId` int(10) NOT NULL,
  `offset` int(10) NOT NULL,
  `uri` varchar(255) COLLATE utf8_unicode_ci DEFAULT NULL,
  `size` bigint(20) unsigned DEFAULT NULL,
  `recordId` int(10) DEFAULT NULL,
  `dateCreated` datetime NOT NULL,
  `dateUpdated` datetime NOT NULL,
  `uid` char(36) COLLATE utf8_unicode_ci NOT NULL DEFAULT '0',
  PRIMARY KEY (`id`),
  UNIQUE KEY `craft_assetindexdata_sessionId_sourceId_offset_unq_idx` (`sessionId`,`sourceId`,`offset`),
  KEY `craft_assetindexdata_sourceId_fk` (`sourceId`)
) ENGINE=InnoDB DEFAULT CHARSET=utf8 COLLATE=utf8_unicode_ci;

DROP TABLE IF EXISTS `craft_assetsources`;


--
-- Schema for table `craft_assetsources`
--
CREATE TABLE `craft_assetsources` (
  `id` int(11) NOT NULL AUTO_INCREMENT,
  `name` varchar(255) COLLATE utf8_unicode_ci NOT NULL,
  `handle` varchar(255) COLLATE utf8_unicode_ci NOT NULL,
  `type` varchar(150) COLLATE utf8_unicode_ci NOT NULL,
  `settings` text COLLATE utf8_unicode_ci,
  `sortOrder` smallint(6) unsigned DEFAULT NULL,
  `fieldLayoutId` int(10) DEFAULT NULL,
  `dateCreated` datetime NOT NULL,
  `dateUpdated` datetime NOT NULL,
  `uid` char(36) COLLATE utf8_unicode_ci NOT NULL DEFAULT '0',
  PRIMARY KEY (`id`),
  UNIQUE KEY `craft_assetsources_name_unq_idx` (`name`),
  UNIQUE KEY `craft_assetsources_handle_unq_idx` (`handle`),
  KEY `craft_assetsources_fieldLayoutId_fk` (`fieldLayoutId`)
) ENGINE=InnoDB AUTO_INCREMENT=2 DEFAULT CHARSET=utf8 COLLATE=utf8_unicode_ci;

--
-- Data for table `craft_assetsources`
--

INSERT INTO `craft_assetsources` (`id`, `name`, `handle`, `type`, `settings`, `sortOrder`, `fieldLayoutId`, `dateCreated`, `dateUpdated`, `uid`) VALUES
 ('1', 'images', 'images', 'Local', '{\"path\":\"source\\/images\\/\",\"publicURLs\":\"1\",\"url\":\"source\\/images\\/\"}', '1', '17', '2016-05-07 01:26:30', '2016-05-07 01:27:15', '176ccc46-1893-4531-a3f5-bec41e420685');



DROP TABLE IF EXISTS `craft_assettransformindex`;


--
-- Schema for table `craft_assettransformindex`
--
CREATE TABLE `craft_assettransformindex` (
  `id` int(11) NOT NULL AUTO_INCREMENT,
  `fileId` int(11) NOT NULL,
  `filename` varchar(255) COLLATE utf8_unicode_ci DEFAULT NULL,
  `format` varchar(255) COLLATE utf8_unicode_ci DEFAULT NULL,
  `location` varchar(255) COLLATE utf8_unicode_ci NOT NULL,
  `sourceId` int(11) DEFAULT NULL,
  `fileExists` tinyint(1) DEFAULT NULL,
  `inProgress` tinyint(1) DEFAULT NULL,
  `dateIndexed` datetime DEFAULT NULL,
  `dateCreated` datetime NOT NULL,
  `dateUpdated` datetime NOT NULL,
  `uid` char(36) COLLATE utf8_unicode_ci NOT NULL DEFAULT '0',
  PRIMARY KEY (`id`),
  KEY `craft_assettransformindex_sourceId_fileId_location_idx` (`sourceId`,`fileId`,`location`)
) ENGINE=InnoDB DEFAULT CHARSET=utf8 COLLATE=utf8_unicode_ci;

DROP TABLE IF EXISTS `craft_assettransforms`;


--
-- Schema for table `craft_assettransforms`
--
CREATE TABLE `craft_assettransforms` (
  `id` int(11) NOT NULL AUTO_INCREMENT,
  `name` varchar(255) COLLATE utf8_unicode_ci NOT NULL,
  `handle` varchar(255) COLLATE utf8_unicode_ci NOT NULL,
  `mode` enum('stretch','fit','crop') COLLATE utf8_unicode_ci NOT NULL DEFAULT 'crop',
  `position` enum('top-left','top-center','top-right','center-left','center-center','center-right','bottom-left','bottom-center','bottom-right') COLLATE utf8_unicode_ci NOT NULL DEFAULT 'center-center',
  `height` int(10) DEFAULT NULL,
  `width` int(10) DEFAULT NULL,
  `format` varchar(255) COLLATE utf8_unicode_ci DEFAULT NULL,
  `quality` int(10) DEFAULT NULL,
  `dimensionChangeTime` datetime DEFAULT NULL,
  `dateCreated` datetime NOT NULL,
  `dateUpdated` datetime NOT NULL,
  `uid` char(36) COLLATE utf8_unicode_ci NOT NULL DEFAULT '0',
  PRIMARY KEY (`id`),
  UNIQUE KEY `craft_assettransforms_name_unq_idx` (`name`),
  UNIQUE KEY `craft_assettransforms_handle_unq_idx` (`handle`)
) ENGINE=InnoDB DEFAULT CHARSET=utf8 COLLATE=utf8_unicode_ci;

DROP TABLE IF EXISTS `craft_categories`;


--
-- Schema for table `craft_categories`
--
CREATE TABLE `craft_categories` (
  `id` int(11) NOT NULL,
  `groupId` int(11) NOT NULL,
  `dateCreated` datetime NOT NULL,
  `dateUpdated` datetime NOT NULL,
  `uid` char(36) COLLATE utf8_unicode_ci NOT NULL DEFAULT '0',
  PRIMARY KEY (`id`),
  KEY `craft_categories_groupId_fk` (`groupId`)
) ENGINE=InnoDB DEFAULT CHARSET=utf8 COLLATE=utf8_unicode_ci;

DROP TABLE IF EXISTS `craft_categorygroups`;


--
-- Schema for table `craft_categorygroups`
--
CREATE TABLE `craft_categorygroups` (
  `id` int(11) NOT NULL AUTO_INCREMENT,
  `structureId` int(11) NOT NULL,
  `fieldLayoutId` int(11) DEFAULT NULL,
  `name` varchar(255) COLLATE utf8_unicode_ci NOT NULL,
  `handle` varchar(255) COLLATE utf8_unicode_ci NOT NULL,
  `hasUrls` tinyint(1) unsigned NOT NULL DEFAULT '1',
  `template` varchar(500) COLLATE utf8_unicode_ci DEFAULT NULL,
  `dateCreated` datetime NOT NULL,
  `dateUpdated` datetime NOT NULL,
  `uid` char(36) COLLATE utf8_unicode_ci NOT NULL DEFAULT '0',
  PRIMARY KEY (`id`),
  UNIQUE KEY `craft_categorygroups_name_unq_idx` (`name`),
  UNIQUE KEY `craft_categorygroups_handle_unq_idx` (`handle`),
  KEY `craft_categorygroups_structureId_fk` (`structureId`),
  KEY `craft_categorygroups_fieldLayoutId_fk` (`fieldLayoutId`)
) ENGINE=InnoDB DEFAULT CHARSET=utf8 COLLATE=utf8_unicode_ci;

DROP TABLE IF EXISTS `craft_categorygroups_i18n`;


--
-- Schema for table `craft_categorygroups_i18n`
--
CREATE TABLE `craft_categorygroups_i18n` (
  `id` int(11) NOT NULL AUTO_INCREMENT,
  `groupId` int(11) NOT NULL,
  `locale` char(12) COLLATE utf8_unicode_ci NOT NULL,
  `urlFormat` text COLLATE utf8_unicode_ci,
  `nestedUrlFormat` text COLLATE utf8_unicode_ci,
  `dateCreated` datetime NOT NULL,
  `dateUpdated` datetime NOT NULL,
  `uid` char(36) COLLATE utf8_unicode_ci NOT NULL DEFAULT '0',
  PRIMARY KEY (`id`),
  UNIQUE KEY `craft_categorygroups_i18n_groupId_locale_unq_idx` (`groupId`,`locale`),
  KEY `craft_categorygroups_i18n_locale_fk` (`locale`)
) ENGINE=InnoDB DEFAULT CHARSET=utf8 COLLATE=utf8_unicode_ci;

DROP TABLE IF EXISTS `craft_content`;


--
-- Schema for table `craft_content`
--
CREATE TABLE `craft_content` (
  `id` int(11) NOT NULL AUTO_INCREMENT,
  `elementId` int(11) NOT NULL,
  `locale` char(12) COLLATE utf8_unicode_ci NOT NULL,
  `title` varchar(255) COLLATE utf8_unicode_ci DEFAULT NULL,
  `field_body` text COLLATE utf8_unicode_ci,
  `field_projectName` text COLLATE utf8_unicode_ci,
  `field_startDate` datetime DEFAULT NULL,
  `field_endDate` datetime DEFAULT NULL,
  `dateCreated` datetime NOT NULL,
  `dateUpdated` datetime NOT NULL,
  `uid` char(36) COLLATE utf8_unicode_ci NOT NULL DEFAULT '0',
  PRIMARY KEY (`id`),
  UNIQUE KEY `craft_content_elementId_locale_unq_idx` (`elementId`,`locale`),
  KEY `craft_content_title_idx` (`title`),
  KEY `craft_content_locale_fk` (`locale`)
) ENGINE=InnoDB AUTO_INCREMENT=20 DEFAULT CHARSET=utf8 COLLATE=utf8_unicode_ci;

--
-- Data for table `craft_content`
--

INSERT INTO `craft_content` (`id`, `elementId`, `locale`, `title`, `field_body`, `field_projectName`, `field_startDate`, `field_endDate`, `dateCreated`, `dateUpdated`, `uid`) VALUES
 ('1', '1', 'en_us', NULL, NULL, NULL, NULL, NULL, '2016-01-28 19:18:22', '2016-01-28 19:18:22', 'aeaf0356-8173-481f-889b-79e5e02be51d'),
 ('2', '2', 'en_us', 'Welcome to Mrpaulphan.dev!', '<p>It’s true, this site doesn’t have a whole lot of content yet, but don’t worry. Our web developers have just installed the CMS, and they’re setting things up for the content editors this very moment. Soon Mrpaulphan.dev will be an oasis of fresh perspectives, sharp analyses, and astute opinions that will keep you coming back again and again.</p>', NULL, NULL, NULL, '2016-01-28 19:18:25', '2016-05-03 06:02:52', '8612a948-9c2d-40aa-a173-f0b87e4e8cb5'),
 ('3', '3', 'en_us', 'We just installed Craft!', '<p>Craft is the CMS that’s powering Mrpaulphan.dev. It’s beautiful, powerful, flexible, and easy-to-use, and it’s made by Pixel &amp; Tonic. We can’t wait to dive in and see what it’s capable of!</p><!--pagebreak--><p>This is even more captivating content, which you couldn’t see on the News index page because it was entered after a Page Break, and the News index template only likes to show the content on the first page.</p><p>Craft: a nice alternative to Word, if you’re making a website.</p>', NULL, NULL, NULL, '2016-01-28 19:18:25', '2016-01-28 19:19:38', '3aeb30b1-a090-46c5-bc7d-6dcc16de4291'),
 ('4', '4', 'en_us', 'iOS', NULL, NULL, NULL, NULL, '2016-05-03 06:07:52', '2016-05-03 06:07:52', 'd893524d-a997-43ee-afac-bb4906982594'),
 ('5', '5', 'en_us', 'Swift', NULL, NULL, NULL, NULL, '2016-05-03 06:07:58', '2016-05-03 06:07:58', '9e398863-d19e-4fbc-802a-a06a737b3008'),
 ('6', '6', 'en_us', 'Indoo.rs', NULL, NULL, NULL, NULL, '2016-05-03 06:08:09', '2016-05-03 06:08:09', '13d6c608-7a27-4dcb-a0b0-c66700305ad5'),
 ('7', '7', 'en_us', 'Objectic-C', NULL, NULL, NULL, NULL, '2016-05-03 06:08:17', '2016-05-03 06:08:17', '2a501046-d5e1-4b1b-9931-06c43316f967'),
 ('8', '8', 'en_us', 'Beacons', NULL, NULL, NULL, NULL, '2016-05-03 06:08:24', '2016-05-03 06:08:24', '9ffcc8f1-7d1e-4855-8dc7-2666500ed45c'),
 ('9', '9', 'en_us', 'URBN Explore', NULL, NULL, NULL, NULL, '2016-05-03 06:08:42', '2016-05-05 03:37:26', 'd437535a-74de-41be-a9b1-9b5ffb067c82'),
 ('10', '10', 'en_us', 'PHP', NULL, NULL, NULL, NULL, '2016-05-03 06:09:25', '2016-05-03 06:09:25', '965fbe02-d2db-457e-a20c-cbb7221a0b4c'),
 ('11', '11', 'en_us', 'CMS', NULL, NULL, NULL, NULL, '2016-05-03 06:09:32', '2016-05-03 06:09:32', 'fae5f831-4775-44a3-8651-866c20c1bfb7'),
 ('12', '12', 'en_us', 'DIGM Attendance App', NULL, NULL, '2015-08-01 00:00:00', '2016-06-05 00:00:00', '2016-05-03 06:09:45', '2016-05-05 04:01:20', '87bc6715-fe60-4611-89de-d25d559a518e'),
 ('13', '13', 'en_us', 'Happy Cog', NULL, NULL, NULL, NULL, '2016-05-03 06:10:11', '2016-05-03 06:10:11', '3be97ab4-f079-4947-b384-21d51dbb5df1'),
 ('14', '14', 'en_us', 'Pattern Lab', NULL, NULL, NULL, NULL, '2016-05-03 06:10:21', '2016-05-03 06:10:21', 'fea9e365-1ebe-43b1-8110-21547e76c390'),
 ('15', '15', 'en_us', 'New York Institute of Technology (NYIT) Redesign', NULL, NULL, NULL, '2016-03-16 00:00:00', '2016-05-03 06:10:57', '2016-05-05 04:00:54', '892bf10c-ab6b-4ead-8262-277d937e14d9'),
 ('16', '16', 'en_us', 'CraftCMS', NULL, NULL, NULL, NULL, '2016-05-03 16:08:08', '2016-05-03 16:08:08', '12524ea6-c725-4d18-a337-79f47051fe3f'),
 ('17', '17', 'en_us', 'Canon CBPS', NULL, NULL, '2015-04-01 00:00:00', NULL, '2016-05-03 16:08:19', '2016-05-05 04:01:59', '48c5aba0-b490-406a-865c-c04574260c1f'),
 ('18', '19', 'en_us', NULL, NULL, NULL, NULL, NULL, '2016-05-07 01:22:30', '2016-05-07 01:27:53', '62580030-dc64-4ef3-8fec-ab5673f62ecb'),
 ('19', '20', 'en_us', 'Mrpaulphan Logo', NULL, NULL, NULL, NULL, '2016-05-07 01:27:43', '2016-05-07 01:27:43', '19982b17-ed0f-437e-b5f3-bde9058962bb');



DROP TABLE IF EXISTS `craft_deprecationerrors`;


--
-- Schema for table `craft_deprecationerrors`
--
CREATE TABLE `craft_deprecationerrors` (
  `id` int(11) NOT NULL AUTO_INCREMENT,
  `key` varchar(255) COLLATE utf8_unicode_ci NOT NULL,
  `fingerprint` varchar(255) COLLATE utf8_unicode_ci NOT NULL,
  `lastOccurrence` datetime NOT NULL,
  `file` varchar(255) COLLATE utf8_unicode_ci NOT NULL,
  `line` smallint(6) unsigned NOT NULL,
  `class` varchar(255) COLLATE utf8_unicode_ci DEFAULT NULL,
  `method` varchar(255) COLLATE utf8_unicode_ci DEFAULT NULL,
  `template` varchar(255) COLLATE utf8_unicode_ci DEFAULT NULL,
  `templateLine` smallint(6) unsigned DEFAULT NULL,
  `message` varchar(255) COLLATE utf8_unicode_ci DEFAULT NULL,
  `traces` text COLLATE utf8_unicode_ci,
  `dateCreated` datetime NOT NULL,
  `dateUpdated` datetime NOT NULL,
  `uid` char(36) COLLATE utf8_unicode_ci NOT NULL DEFAULT '0',
  PRIMARY KEY (`id`),
  UNIQUE KEY `craft_deprecationerrors_key_fingerprint_unq_idx` (`key`,`fingerprint`)
) ENGINE=InnoDB DEFAULT CHARSET=utf8 COLLATE=utf8_unicode_ci;

DROP TABLE IF EXISTS `craft_elementindexsettings`;


--
-- Schema for table `craft_elementindexsettings`
--
CREATE TABLE `craft_elementindexsettings` (
  `id` int(11) NOT NULL AUTO_INCREMENT,
  `type` varchar(150) COLLATE utf8_unicode_ci NOT NULL,
  `settings` text COLLATE utf8_unicode_ci,
  `dateCreated` datetime NOT NULL,
  `dateUpdated` datetime NOT NULL,
  `uid` char(36) COLLATE utf8_unicode_ci NOT NULL DEFAULT '0',
  PRIMARY KEY (`id`),
  UNIQUE KEY `craft_elementindexsettings_type_unq_idx` (`type`)
) ENGINE=InnoDB DEFAULT CHARSET=utf8 COLLATE=utf8_unicode_ci;

DROP TABLE IF EXISTS `craft_elements`;


--
-- Schema for table `craft_elements`
--
CREATE TABLE `craft_elements` (
  `id` int(11) NOT NULL AUTO_INCREMENT,
  `type` varchar(150) COLLATE utf8_unicode_ci NOT NULL,
  `enabled` tinyint(1) unsigned NOT NULL DEFAULT '1',
  `archived` tinyint(1) unsigned NOT NULL DEFAULT '0',
  `dateCreated` datetime NOT NULL,
  `dateUpdated` datetime NOT NULL,
  `uid` char(36) COLLATE utf8_unicode_ci NOT NULL DEFAULT '0',
  PRIMARY KEY (`id`),
  KEY `craft_elements_type_idx` (`type`),
  KEY `craft_elements_enabled_idx` (`enabled`),
  KEY `craft_elements_archived_dateCreated_idx` (`archived`,`dateCreated`)
) ENGINE=InnoDB AUTO_INCREMENT=21 DEFAULT CHARSET=utf8 COLLATE=utf8_unicode_ci;

--
-- Data for table `craft_elements`
--

INSERT INTO `craft_elements` (`id`, `type`, `enabled`, `archived`, `dateCreated`, `dateUpdated`, `uid`) VALUES
 ('1', 'User', '1', '0', '2016-01-28 19:18:22', '2016-01-28 19:18:22', '8b7bee73-f7f1-4ec9-b224-e45d6fce741c'),
 ('2', 'Entry', '1', '0', '2016-01-28 19:18:25', '2016-05-03 06:02:52', 'cb196eae-3eaa-451c-b1d4-4209d2e2cd75'),
 ('3', 'Entry', '1', '0', '2016-01-28 19:18:25', '2016-01-28 19:19:38', 'bdd9d777-8215-4070-bc3d-9769cd4094c1'),
 ('4', 'Tag', '1', '0', '2016-05-03 06:07:52', '2016-05-03 06:07:52', '2e093612-9e76-4304-b67f-74f8e778f9ee'),
 ('5', 'Tag', '1', '0', '2016-05-03 06:07:58', '2016-05-03 06:07:58', '2a80d7fa-1fcc-435e-9959-28cc1041e564'),
 ('6', 'Tag', '1', '0', '2016-05-03 06:08:09', '2016-05-03 06:08:09', '795a18f5-84ce-46b7-88a7-17b5e4851b63'),
 ('7', 'Tag', '1', '0', '2016-05-03 06:08:17', '2016-05-03 06:08:17', '299c6b11-a5e6-498b-9ad2-7fb3505ae249'),
 ('8', 'Tag', '1', '0', '2016-05-03 06:08:24', '2016-05-03 06:08:24', '4a2e05e4-2cb6-4ff0-8c42-5fb83c3cfe45'),
 ('9', 'Entry', '1', '0', '2016-05-03 06:08:42', '2016-05-05 03:37:26', '9108faf4-dedc-42a5-a6b0-d22ec53442c6'),
 ('10', 'Tag', '1', '0', '2016-05-03 06:09:25', '2016-05-03 06:09:25', 'c868346d-bc0e-41fd-ac5c-08b39ebf919b'),
 ('11', 'Tag', '1', '0', '2016-05-03 06:09:32', '2016-05-03 06:09:32', '3a8fb108-f52f-42b5-bf9a-174aad8270f6'),
 ('12', 'Entry', '1', '0', '2016-05-03 06:09:45', '2016-05-05 04:01:20', 'fbb40ec2-ee2a-458f-bb10-b109fcc4a57b'),
 ('13', 'Tag', '1', '0', '2016-05-03 06:10:11', '2016-05-03 06:10:11', '9f50bb7c-25ff-49ef-8969-0ac66c6a3fc0'),
 ('14', 'Tag', '1', '0', '2016-05-03 06:10:21', '2016-05-03 06:10:21', '2b6cd460-33b2-47e8-9c09-da7a409aad34'),
 ('15', 'Entry', '1', '0', '2016-05-03 06:10:57', '2016-05-05 04:00:54', '72de19ef-5484-4e94-a8cc-85502438fe33'),
 ('16', 'Tag', '1', '0', '2016-05-03 16:08:08', '2016-05-03 16:08:08', '3c30be65-42a0-4000-8d2a-b88cf431f0b7'),
 ('17', 'Entry', '1', '0', '2016-05-03 16:08:19', '2016-05-05 04:01:59', '4aa278cc-d537-4eb2-8f47-0d6ee3c23a76'),
 ('18', 'MatrixBlock', '1', '0', '2016-05-05 04:01:59', '2016-05-05 04:01:59', 'd9f677ea-4cc6-4d47-9b0b-df4a6465b80c'),
 ('19', 'GlobalSet', '1', '0', '2016-05-07 01:22:30', '2016-05-07 01:27:53', '6525d85a-4447-4692-a30c-2bb27ef15b10'),
 ('20', 'Asset', '1', '0', '2016-05-07 01:27:43', '2016-05-07 01:27:43', '78214fa9-0f2a-4daa-94d6-4a4aa271505e');



DROP TABLE IF EXISTS `craft_elements_i18n`;


--
-- Schema for table `craft_elements_i18n`
--
CREATE TABLE `craft_elements_i18n` (
  `id` int(11) NOT NULL AUTO_INCREMENT,
  `elementId` int(11) NOT NULL,
  `locale` char(12) COLLATE utf8_unicode_ci NOT NULL,
  `slug` varchar(255) COLLATE utf8_unicode_ci DEFAULT NULL,
  `uri` varchar(255) COLLATE utf8_unicode_ci DEFAULT NULL,
  `enabled` tinyint(1) unsigned NOT NULL DEFAULT '1',
  `dateCreated` datetime NOT NULL,
  `dateUpdated` datetime NOT NULL,
  `uid` char(36) COLLATE utf8_unicode_ci NOT NULL DEFAULT '0',
  PRIMARY KEY (`id`),
  UNIQUE KEY `craft_elements_i18n_elementId_locale_unq_idx` (`elementId`,`locale`),
  UNIQUE KEY `craft_elements_i18n_uri_locale_unq_idx` (`uri`,`locale`),
  KEY `craft_elements_i18n_slug_locale_idx` (`slug`,`locale`),
  KEY `craft_elements_i18n_enabled_idx` (`enabled`),
  KEY `craft_elements_i18n_locale_fk` (`locale`)
) ENGINE=InnoDB AUTO_INCREMENT=21 DEFAULT CHARSET=utf8 COLLATE=utf8_unicode_ci;

--
-- Data for table `craft_elements_i18n`
--

INSERT INTO `craft_elements_i18n` (`id`, `elementId`, `locale`, `slug`, `uri`, `enabled`, `dateCreated`, `dateUpdated`, `uid`) VALUES
 ('1', '1', 'en_us', '', NULL, '1', '2016-01-28 19:18:22', '2016-01-28 19:18:22', '3bcc1862-e02f-4909-ab10-fee0260bee91'),
 ('2', '2', 'en_us', 'homepage', '__home__', '1', '2016-01-28 19:18:25', '2016-05-03 06:02:52', '792cffa2-0b4e-4b1a-882c-41e3050c07db'),
 ('3', '3', 'en_us', 'we-just-installed-craft', 'blog/2016/we-just-installed-craft', '1', '2016-01-28 19:18:25', '2016-01-28 19:19:38', '82b4ee17-0fdb-479d-b5e9-7deb97886fba'),
 ('4', '4', 'en_us', 'ios', NULL, '1', '2016-05-03 06:07:52', '2016-05-03 06:07:52', '947195c1-0bf5-4370-9619-f5c56cb223a9'),
 ('5', '5', 'en_us', 'swift', NULL, '1', '2016-05-03 06:07:58', '2016-05-03 06:07:58', '807eb3af-ee3e-48bf-b900-b0aab8858c03'),
 ('6', '6', 'en_us', 'indoo-rs', NULL, '1', '2016-05-03 06:08:09', '2016-05-03 06:08:09', 'ed605ea8-9355-42d3-84ec-3217605aec9e'),
 ('7', '7', 'en_us', 'objectic-c', NULL, '1', '2016-05-03 06:08:17', '2016-05-03 06:08:17', '5c17f81f-95a3-4ba2-b6cb-8186fa38ed3c'),
 ('8', '8', 'en_us', 'beacons', NULL, '1', '2016-05-03 06:08:24', '2016-05-03 06:08:24', '19d0f7e2-c852-4a10-982a-d3f42a6b9e5f'),
 ('9', '9', 'en_us', 'urbn-explore', 'projects/urbn-explore', '1', '2016-05-03 06:08:42', '2016-05-05 03:37:26', 'ab60feeb-2fb7-4592-afa4-bb1c9060fb3d'),
 ('10', '10', 'en_us', 'php', NULL, '1', '2016-05-03 06:09:25', '2016-05-03 06:09:25', 'f5b1ed80-77e8-4d8a-9e1a-4295881fb8c7'),
 ('11', '11', 'en_us', 'cms', NULL, '1', '2016-05-03 06:09:32', '2016-05-03 06:09:32', '23af1f57-bafc-42f1-bdc9-55302759c265'),
 ('12', '12', 'en_us', 'digm-attendance-app', 'projects/digm-attendance-app', '1', '2016-05-03 06:09:45', '2016-05-05 04:01:20', '75987ed3-dfa1-448f-a771-8ff1266c5005'),
 ('13', '13', 'en_us', 'happy-cog', NULL, '1', '2016-05-03 06:10:11', '2016-05-03 06:10:11', 'e591b194-6072-4d79-844c-c1ceef975139'),
 ('14', '14', 'en_us', 'pattern-lab', NULL, '1', '2016-05-03 06:10:21', '2016-05-03 06:10:21', 'a3f925c7-8fcd-4e8d-8f1a-017dc8093314'),
 ('15', '15', 'en_us', 'new-york-institute-of-technology-nyit-redesign', 'projects/new-york-institute-of-technology-nyit-redesign', '1', '2016-05-03 06:10:57', '2016-05-05 04:00:54', '43c7eda0-5f15-440e-8e59-4078f7b6cfbe'),
 ('16', '16', 'en_us', 'craftcms', NULL, '1', '2016-05-03 16:08:08', '2016-05-03 16:08:08', 'c17b45b0-7fd6-4875-bed1-ce94bacfb7c5'),
 ('17', '17', 'en_us', 'canon-cbps', 'projects/canon-cbps', '1', '2016-05-03 16:08:19', '2016-05-05 04:01:59', '31ed95ce-071d-4bc9-9ad3-fb4c032a4cdf'),
 ('18', '18', 'en_us', '', NULL, '1', '2016-05-05 04:01:59', '2016-05-05 04:01:59', '2e87db45-b9d9-49e0-9465-0e1a9e4009b1'),
 ('19', '19', 'en_us', '', NULL, '1', '2016-05-07 01:22:30', '2016-05-07 01:27:53', '5c637bd9-c004-4139-afb4-81a38db7b4e0'),
 ('20', '20', 'en_us', 'mrpaulphan-logo', NULL, '1', '2016-05-07 01:27:43', '2016-05-07 01:27:43', '5c58ea22-bc45-42e2-8df0-2cd454e5f8e1');



DROP TABLE IF EXISTS `craft_emailmessages`;


--
-- Schema for table `craft_emailmessages`
--
CREATE TABLE `craft_emailmessages` (
  `id` int(11) NOT NULL AUTO_INCREMENT,
  `key` char(150) COLLATE utf8_unicode_ci NOT NULL,
  `locale` char(12) COLLATE utf8_unicode_ci NOT NULL,
  `subject` varchar(1000) COLLATE utf8_unicode_ci NOT NULL,
  `body` text COLLATE utf8_unicode_ci NOT NULL,
  `dateCreated` datetime NOT NULL,
  `dateUpdated` datetime NOT NULL,
  `uid` char(36) COLLATE utf8_unicode_ci NOT NULL DEFAULT '0',
  PRIMARY KEY (`id`),
  UNIQUE KEY `craft_emailmessages_key_locale_unq_idx` (`key`,`locale`),
  KEY `craft_emailmessages_locale_fk` (`locale`)
) ENGINE=InnoDB DEFAULT CHARSET=utf8 COLLATE=utf8_unicode_ci;

DROP TABLE IF EXISTS `craft_entries`;


--
-- Schema for table `craft_entries`
--
CREATE TABLE `craft_entries` (
  `id` int(11) NOT NULL,
  `sectionId` int(11) NOT NULL,
  `typeId` int(11) DEFAULT NULL,
  `authorId` int(11) DEFAULT NULL,
  `postDate` datetime DEFAULT NULL,
  `expiryDate` datetime DEFAULT NULL,
  `dateCreated` datetime NOT NULL,
  `dateUpdated` datetime NOT NULL,
  `uid` char(36) COLLATE utf8_unicode_ci NOT NULL DEFAULT '0',
  PRIMARY KEY (`id`),
  KEY `craft_entries_sectionId_idx` (`sectionId`),
  KEY `craft_entries_typeId_idx` (`typeId`),
  KEY `craft_entries_postDate_idx` (`postDate`),
  KEY `craft_entries_expiryDate_idx` (`expiryDate`),
  KEY `craft_entries_authorId_fk` (`authorId`)
) ENGINE=InnoDB DEFAULT CHARSET=utf8 COLLATE=utf8_unicode_ci;

--
-- Data for table `craft_entries`
--

INSERT INTO `craft_entries` (`id`, `sectionId`, `typeId`, `authorId`, `postDate`, `expiryDate`, `dateCreated`, `dateUpdated`, `uid`) VALUES
 ('2', '1', '1', NULL, '2016-05-03 06:02:52', NULL, '2016-01-28 19:18:25', '2016-05-03 06:02:52', '8d837859-840d-4695-af6f-a5c0882284b5'),
 ('3', '2', '2', '1', '2016-01-28 19:18:25', NULL, '2016-01-28 19:18:25', '2016-01-28 19:18:25', 'cfabafef-7cb9-4844-a5b0-773041e3cb78'),
 ('9', '3', '3', '1', '2016-05-03 06:08:42', NULL, '2016-05-03 06:08:42', '2016-05-03 06:08:42', 'a1d0defd-56ff-4ef8-9f6e-1a407eb9289c'),
 ('12', '3', '3', '1', '2016-05-03 06:09:00', NULL, '2016-05-03 06:09:45', '2016-05-05 04:01:20', '1bd9eee9-3a76-4dfd-bcc2-969999edcd00'),
 ('15', '3', '3', '1', '2016-05-03 06:10:00', NULL, '2016-05-03 06:10:57', '2016-05-05 04:00:54', 'e273f681-483a-444f-979e-48d6e2636ed7'),
 ('17', '3', '3', '1', '2016-05-03 16:08:00', NULL, '2016-05-03 16:08:19', '2016-05-05 04:01:59', 'c0c96c8b-f505-4ac8-b5e4-cc4df5279d58');



DROP TABLE IF EXISTS `craft_entrydrafts`;


--
-- Schema for table `craft_entrydrafts`
--
CREATE TABLE `craft_entrydrafts` (
  `id` int(11) NOT NULL AUTO_INCREMENT,
  `entryId` int(11) NOT NULL,
  `sectionId` int(11) NOT NULL,
  `creatorId` int(11) NOT NULL,
  `locale` char(12) COLLATE utf8_unicode_ci NOT NULL,
  `name` varchar(255) COLLATE utf8_unicode_ci NOT NULL,
  `notes` tinytext COLLATE utf8_unicode_ci,
  `data` mediumtext COLLATE utf8_unicode_ci NOT NULL,
  `dateCreated` datetime NOT NULL,
  `dateUpdated` datetime NOT NULL,
  `uid` char(36) COLLATE utf8_unicode_ci NOT NULL DEFAULT '0',
  PRIMARY KEY (`id`),
  KEY `craft_entrydrafts_entryId_locale_idx` (`entryId`,`locale`),
  KEY `craft_entrydrafts_sectionId_fk` (`sectionId`),
  KEY `craft_entrydrafts_creatorId_fk` (`creatorId`),
  KEY `craft_entrydrafts_locale_fk` (`locale`)
) ENGINE=InnoDB DEFAULT CHARSET=utf8 COLLATE=utf8_unicode_ci;

DROP TABLE IF EXISTS `craft_entrytypes`;


--
-- Schema for table `craft_entrytypes`
--
CREATE TABLE `craft_entrytypes` (
  `id` int(11) NOT NULL AUTO_INCREMENT,
  `sectionId` int(11) NOT NULL,
  `fieldLayoutId` int(11) DEFAULT NULL,
  `name` varchar(255) COLLATE utf8_unicode_ci NOT NULL,
  `handle` varchar(255) COLLATE utf8_unicode_ci NOT NULL,
  `hasTitleField` tinyint(1) unsigned NOT NULL DEFAULT '1',
  `titleLabel` varchar(255) COLLATE utf8_unicode_ci DEFAULT 'Title',
  `titleFormat` varchar(255) COLLATE utf8_unicode_ci DEFAULT NULL,
  `sortOrder` smallint(6) unsigned DEFAULT NULL,
  `dateCreated` datetime NOT NULL,
  `dateUpdated` datetime NOT NULL,
  `uid` char(36) COLLATE utf8_unicode_ci NOT NULL DEFAULT '0',
  PRIMARY KEY (`id`),
  UNIQUE KEY `craft_entrytypes_name_sectionId_unq_idx` (`name`,`sectionId`),
  UNIQUE KEY `craft_entrytypes_handle_sectionId_unq_idx` (`handle`,`sectionId`),
  KEY `craft_entrytypes_sectionId_fk` (`sectionId`),
  KEY `craft_entrytypes_fieldLayoutId_fk` (`fieldLayoutId`)
) ENGINE=InnoDB AUTO_INCREMENT=4 DEFAULT CHARSET=utf8 COLLATE=utf8_unicode_ci;

--
-- Data for table `craft_entrytypes`
--

INSERT INTO `craft_entrytypes` (`id`, `sectionId`, `fieldLayoutId`, `name`, `handle`, `hasTitleField`, `titleLabel`, `titleFormat`, `sortOrder`, `dateCreated`, `dateUpdated`, `uid`) VALUES
 ('1', '1', '3', 'Homepage', 'homepage', '1', 'Title', NULL, NULL, '2016-01-28 19:18:25', '2016-01-28 19:18:25', '730bfce5-59a3-468c-8583-3b2545a1ac28'),
 ('2', '2', '10', 'blog', 'blog', '1', 'Title', NULL, NULL, '2016-01-28 19:18:25', '2016-01-28 19:28:35', '100a93ca-c413-464f-8a5f-752134481f3d'),
 ('3', '3', '13', 'Projects', 'projects', '1', 'Title', NULL, NULL, '2016-05-03 06:06:12', '2016-05-05 03:59:04', 'a95d8c09-79dc-4a30-bf9c-b2171090e07e');



DROP TABLE IF EXISTS `craft_entryversions`;


--
-- Schema for table `craft_entryversions`
--
CREATE TABLE `craft_entryversions` (
  `id` int(11) NOT NULL AUTO_INCREMENT,
  `entryId` int(11) NOT NULL,
  `sectionId` int(11) NOT NULL,
  `creatorId` int(11) DEFAULT NULL,
  `locale` char(12) COLLATE utf8_unicode_ci NOT NULL,
  `num` smallint(6) unsigned NOT NULL,
  `notes` tinytext COLLATE utf8_unicode_ci,
  `data` mediumtext COLLATE utf8_unicode_ci NOT NULL,
  `dateCreated` datetime NOT NULL,
  `dateUpdated` datetime NOT NULL,
  `uid` char(36) COLLATE utf8_unicode_ci NOT NULL DEFAULT '0',
  PRIMARY KEY (`id`),
  KEY `craft_entryversions_entryId_locale_idx` (`entryId`,`locale`),
  KEY `craft_entryversions_sectionId_fk` (`sectionId`),
  KEY `craft_entryversions_creatorId_fk` (`creatorId`),
  KEY `craft_entryversions_locale_fk` (`locale`)
) ENGINE=InnoDB AUTO_INCREMENT=12 DEFAULT CHARSET=utf8 COLLATE=utf8_unicode_ci;

--
-- Data for table `craft_entryversions`
--

INSERT INTO `craft_entryversions` (`id`, `entryId`, `sectionId`, `creatorId`, `locale`, `num`, `notes`, `data`, `dateCreated`, `dateUpdated`, `uid`) VALUES
 ('1', '2', '1', '1', 'en_us', '1', NULL, '{\"typeId\":\"1\",\"authorId\":null,\"title\":\"Homepage\",\"slug\":\"homepage\",\"postDate\":1454008705,\"expiryDate\":null,\"enabled\":1,\"parentId\":null,\"fields\":[]}', '2016-01-28 19:18:25', '2016-01-28 19:18:25', 'e4b3b809-d0de-4e02-8c3c-943cf6c459b5'),
 ('2', '2', '1', '1', 'en_us', '2', NULL, '{\"typeId\":null,\"authorId\":null,\"title\":\"Welcome to Mrpaulphan.dev!\",\"slug\":\"homepage\",\"postDate\":1454008705,\"expiryDate\":null,\"enabled\":\"1\",\"parentId\":null,\"fields\":{\"1\":\"<p>It\\u2019s true, this site doesn\\u2019t have a whole lot of content yet, but don\\u2019t worry. Our web developers have just installed the CMS, and they\\u2019re setting things up for the content editors this very moment. Soon Mrpaulphan.dev will be an oasis of fresh perspectives, sharp analyses, and astute opinions that will keep you coming back again and again.<\\/p>\"}}', '2016-01-28 19:18:25', '2016-01-28 19:18:25', 'f1c520f3-098e-4c85-81e5-198bde91cad9'),
 ('3', '3', '2', '1', 'en_us', '1', NULL, '{\"typeId\":\"2\",\"authorId\":\"1\",\"title\":\"We just installed Craft!\",\"slug\":\"we-just-installed-craft\",\"postDate\":1454008705,\"expiryDate\":null,\"enabled\":1,\"parentId\":null,\"fields\":[]}', '2016-01-28 19:18:25', '2016-01-28 19:18:25', '742a854b-221a-4276-8e2d-f4de74b3f5d9'),
 ('4', '9', '3', '1', 'en_us', '1', '', '{\"typeId\":null,\"authorId\":\"1\",\"title\":\"URBN Explore\",\"slug\":\"urbn-explore\",\"postDate\":1462255722,\"expiryDate\":null,\"enabled\":1,\"parentId\":null,\"fields\":{\"3\":\"\",\"8\":\"\",\"2\":[\"4\",\"5\",\"6\",\"7\",\"8\"]}}', '2016-05-03 06:08:42', '2016-05-03 06:08:42', 'bbf2f00b-f463-4bad-a4d3-0453a8fdb223'),
 ('5', '12', '3', '1', 'en_us', '1', '', '{\"typeId\":null,\"authorId\":\"1\",\"title\":\"DIGM Attendance App\",\"slug\":\"digm-attendance-app\",\"postDate\":1462255785,\"expiryDate\":null,\"enabled\":1,\"parentId\":null,\"fields\":{\"3\":\"\",\"8\":\"\",\"2\":[\"10\",\"11\"]}}', '2016-05-03 06:09:45', '2016-05-03 06:09:45', 'd28ba079-99e0-44e8-aaac-5926b74cc477'),
 ('6', '15', '3', '1', 'en_us', '1', '', '{\"typeId\":null,\"authorId\":\"1\",\"title\":\"New York Institute of Technology (NYIT) Redesign\",\"slug\":\"new-york-institute-of-technology-nyit-redesign\",\"postDate\":1462255857,\"expiryDate\":null,\"enabled\":1,\"parentId\":null,\"fields\":{\"3\":\"\",\"8\":\"\",\"2\":[\"13\",\"14\"]}}', '2016-05-03 06:10:57', '2016-05-03 06:10:57', '98d0dfd9-4251-45d8-aff0-5bd26c70981f'),
 ('7', '17', '3', '1', 'en_us', '1', '', '{\"typeId\":null,\"authorId\":\"1\",\"title\":\"Canon CBPS\",\"slug\":\"canon-cbps\",\"postDate\":1462291699,\"expiryDate\":null,\"enabled\":1,\"parentId\":null,\"fields\":{\"3\":\"\",\"8\":\"\",\"2\":[\"14\",\"16\"]}}', '2016-05-03 16:08:19', '2016-05-03 16:08:19', '45ad4e89-a8d4-481a-8eee-ef8cb881b60c'),
 ('8', '17', '3', '1', 'en_us', '2', '', '{\"typeId\":\"3\",\"authorId\":\"1\",\"title\":\"Canon CBPS\",\"slug\":\"canon-cbps\",\"postDate\":1462291680,\"expiryDate\":null,\"enabled\":1,\"parentId\":null,\"fields\":{\"3\":\"\",\"11\":{\"date\":\"\"},\"8\":\"\",\"10\":{\"date\":\"4\\/1\\/2015\"},\"2\":[\"14\",\"16\"]}}', '2016-05-05 04:00:41', '2016-05-05 04:00:41', '0a4e42ca-6b29-4e2f-a316-0f6131eb794b'),
 ('9', '15', '3', '1', 'en_us', '2', '', '{\"typeId\":\"3\",\"authorId\":\"1\",\"title\":\"New York Institute of Technology (NYIT) Redesign\",\"slug\":\"new-york-institute-of-technology-nyit-redesign\",\"postDate\":1462255800,\"expiryDate\":null,\"enabled\":1,\"parentId\":null,\"fields\":{\"3\":\"\",\"11\":{\"date\":\"3\\/16\\/2016\"},\"8\":\"\",\"10\":{\"date\":\"\"},\"2\":[\"13\",\"14\"]}}', '2016-05-05 04:00:54', '2016-05-05 04:00:54', 'fced79d5-1c7f-496e-909e-44a1a02eb1a5'),
 ('10', '12', '3', '1', 'en_us', '2', '', '{\"typeId\":\"3\",\"authorId\":\"1\",\"title\":\"DIGM Attendance App\",\"slug\":\"digm-attendance-app\",\"postDate\":1462255740,\"expiryDate\":null,\"enabled\":1,\"parentId\":null,\"fields\":{\"3\":\"\",\"11\":{\"date\":\"6\\/5\\/2016\"},\"8\":\"\",\"10\":{\"date\":\"8\\/1\\/2015\"},\"2\":[\"10\",\"11\"]}}', '2016-05-05 04:01:20', '2016-05-05 04:01:20', 'b46b186d-12d0-47bf-8ef8-4085f2076046'),
 ('11', '17', '3', '1', 'en_us', '3', '', '{\"typeId\":\"3\",\"authorId\":\"1\",\"title\":\"Canon CBPS\",\"slug\":\"canon-cbps\",\"postDate\":1462291680,\"expiryDate\":null,\"enabled\":1,\"parentId\":null,\"fields\":{\"3\":{\"new2\":{\"type\":\"bodyBlock\",\"enabled\":\"1\",\"fields\":{\"body\":\"<h3><\\/h3>\"}}},\"11\":{\"date\":\"\"},\"8\":\"\",\"10\":{\"date\":\"4\\/1\\/2015\"},\"2\":[\"14\",\"16\"]}}', '2016-05-05 04:01:59', '2016-05-05 04:01:59', '6019a553-08f9-4879-abce-3645887e79a9');



DROP TABLE IF EXISTS `craft_fieldgroups`;


--
-- Schema for table `craft_fieldgroups`
--
CREATE TABLE `craft_fieldgroups` (
  `id` int(11) NOT NULL AUTO_INCREMENT,
  `name` varchar(255) COLLATE utf8_unicode_ci NOT NULL,
  `dateCreated` datetime NOT NULL,
  `dateUpdated` datetime NOT NULL,
  `uid` char(36) COLLATE utf8_unicode_ci NOT NULL DEFAULT '0',
  PRIMARY KEY (`id`),
  UNIQUE KEY `craft_fieldgroups_name_unq_idx` (`name`)
) ENGINE=InnoDB AUTO_INCREMENT=2 DEFAULT CHARSET=utf8 COLLATE=utf8_unicode_ci;

--
-- Data for table `craft_fieldgroups`
--

INSERT INTO `craft_fieldgroups` (`id`, `name`, `dateCreated`, `dateUpdated`, `uid`) VALUES
 ('1', 'Default', '2016-01-28 19:18:25', '2016-01-28 19:18:25', 'fdc29344-6751-4203-9da6-9602e34ff9f9');



DROP TABLE IF EXISTS `craft_fieldlayoutfields`;


--
-- Schema for table `craft_fieldlayoutfields`
--
CREATE TABLE `craft_fieldlayoutfields` (
  `id` int(11) NOT NULL AUTO_INCREMENT,
  `layoutId` int(11) NOT NULL,
  `tabId` int(11) NOT NULL,
  `fieldId` int(11) NOT NULL,
  `required` tinyint(1) unsigned NOT NULL DEFAULT '0',
  `sortOrder` smallint(6) unsigned DEFAULT NULL,
  `dateCreated` datetime NOT NULL,
  `dateUpdated` datetime NOT NULL,
  `uid` char(36) COLLATE utf8_unicode_ci NOT NULL DEFAULT '0',
  PRIMARY KEY (`id`),
  UNIQUE KEY `craft_fieldlayoutfields_layoutId_fieldId_unq_idx` (`layoutId`,`fieldId`),
  KEY `craft_fieldlayoutfields_sortOrder_idx` (`sortOrder`),
  KEY `craft_fieldlayoutfields_tabId_fk` (`tabId`),
  KEY `craft_fieldlayoutfields_fieldId_fk` (`fieldId`)
) ENGINE=InnoDB AUTO_INCREMENT=19 DEFAULT CHARSET=utf8 COLLATE=utf8_unicode_ci;

--
-- Data for table `craft_fieldlayoutfields`
--

INSERT INTO `craft_fieldlayoutfields` (`id`, `layoutId`, `tabId`, `fieldId`, `required`, `sortOrder`, `dateCreated`, `dateUpdated`, `uid`) VALUES
 ('1', '3', '1', '1', '1', '1', '2016-01-28 19:18:25', '2016-01-28 19:18:25', '2da1a11e-df9e-4bf0-b891-72ce9feabcad'),
 ('4', '6', '3', '4', '0', '1', '2016-01-28 19:28:14', '2016-01-28 19:28:14', '04f07279-b734-49a8-b1c4-8e5773936024'),
 ('5', '7', '4', '5', '0', '1', '2016-01-28 19:28:14', '2016-01-28 19:28:14', '462273b2-2225-40aa-92a9-e12564f835aa'),
 ('6', '8', '5', '6', '0', '1', '2016-01-28 19:28:14', '2016-01-28 19:28:14', 'd0d8c9de-72fd-4637-829f-7d4201973408'),
 ('7', '9', '6', '7', '0', '1', '2016-01-28 19:28:14', '2016-01-28 19:28:14', 'e45efad4-6e78-494c-9bcd-2d3e27fb7921'),
 ('8', '10', '7', '3', '0', '1', '2016-01-28 19:28:35', '2016-01-28 19:28:35', 'aadf91c9-df89-4ec6-99ec-3b2c2bd02c85'),
 ('9', '10', '7', '2', '0', '2', '2016-01-28 19:28:35', '2016-01-28 19:28:35', '197916ec-6c72-4921-982e-b4a7ab70f8b2'),
 ('13', '13', '9', '8', '0', '1', '2016-05-05 03:59:04', '2016-05-05 03:59:04', 'c6579819-e603-4ddc-a910-deff09ba8f82'),
 ('14', '13', '9', '10', '0', '2', '2016-05-05 03:59:04', '2016-05-05 03:59:04', '1c195628-36a0-4bf7-8b17-f676d09a08c1'),
 ('15', '13', '9', '11', '0', '3', '2016-05-05 03:59:04', '2016-05-05 03:59:04', '76352407-9536-421f-ad6b-844a47719f6a'),
 ('16', '13', '9', '3', '0', '4', '2016-05-05 03:59:04', '2016-05-05 03:59:04', 'a8d9e4d6-6793-4444-9127-5819423dbf1a'),
 ('17', '13', '9', '2', '0', '5', '2016-05-05 03:59:04', '2016-05-05 03:59:04', 'f2992879-7b68-4f3a-9874-277368fcecf1'),
 ('18', '15', '10', '12', '0', '1', '2016-05-07 01:23:14', '2016-05-07 01:23:14', 'dc2a6045-75fa-48cf-9996-aa43c46ef62f');



DROP TABLE IF EXISTS `craft_fieldlayouts`;


--
-- Schema for table `craft_fieldlayouts`
--
CREATE TABLE `craft_fieldlayouts` (
  `id` int(11) NOT NULL AUTO_INCREMENT,
  `type` varchar(150) COLLATE utf8_unicode_ci NOT NULL,
  `dateCreated` datetime NOT NULL,
  `dateUpdated` datetime NOT NULL,
  `uid` char(36) COLLATE utf8_unicode_ci NOT NULL DEFAULT '0',
  PRIMARY KEY (`id`),
  KEY `craft_fieldlayouts_type_idx` (`type`)
) ENGINE=InnoDB AUTO_INCREMENT=18 DEFAULT CHARSET=utf8 COLLATE=utf8_unicode_ci;

--
-- Data for table `craft_fieldlayouts`
--

INSERT INTO `craft_fieldlayouts` (`id`, `type`, `dateCreated`, `dateUpdated`, `uid`) VALUES
 ('1', 'Tag', '2016-01-28 19:18:25', '2016-01-28 19:18:25', '5a399882-8694-4858-9ce6-bb921e9b317a'),
 ('3', 'Entry', '2016-01-28 19:18:25', '2016-01-28 19:18:25', '1a6e182e-bcbb-4be2-b9f2-20d5102599b0'),
 ('6', 'MatrixBlock', '2016-01-28 19:28:14', '2016-01-28 19:28:14', '52ce4566-a1fa-4ff2-9822-180e201233c7'),
 ('7', 'MatrixBlock', '2016-01-28 19:28:14', '2016-01-28 19:28:14', '06917fb9-004b-4490-9c68-7e4b22c1ed44'),
 ('8', 'MatrixBlock', '2016-01-28 19:28:14', '2016-01-28 19:28:14', 'c90a13d5-66a1-4a8a-b520-d85ab7e5cc58'),
 ('9', 'MatrixBlock', '2016-01-28 19:28:14', '2016-01-28 19:28:14', '7e46afde-f75c-4359-b918-78884328b32c'),
 ('10', 'Entry', '2016-01-28 19:28:35', '2016-01-28 19:28:35', 'f7409c9b-a6d3-4d77-bc22-376680bdc1ec'),
 ('13', 'Entry', '2016-05-05 03:59:04', '2016-05-05 03:59:04', 'f8e7537f-a62f-47d8-8473-8c8bd9eab932'),
 ('15', 'GlobalSet', '2016-05-07 01:23:14', '2016-05-07 01:23:14', '3ac08d86-64cd-4fa3-823a-8d8b521d9ab5'),
 ('17', 'Asset', '2016-05-07 01:27:15', '2016-05-07 01:27:15', '75e1fcd3-c99a-461e-8d09-dd1d848e16f2');



DROP TABLE IF EXISTS `craft_fieldlayouttabs`;


--
-- Schema for table `craft_fieldlayouttabs`
--
CREATE TABLE `craft_fieldlayouttabs` (
  `id` int(11) NOT NULL AUTO_INCREMENT,
  `layoutId` int(11) NOT NULL,
  `name` varchar(255) COLLATE utf8_unicode_ci NOT NULL,
  `sortOrder` smallint(6) unsigned DEFAULT NULL,
  `dateCreated` datetime NOT NULL,
  `dateUpdated` datetime NOT NULL,
  `uid` char(36) COLLATE utf8_unicode_ci NOT NULL DEFAULT '0',
  PRIMARY KEY (`id`),
  KEY `craft_fieldlayouttabs_sortOrder_idx` (`sortOrder`),
  KEY `craft_fieldlayouttabs_layoutId_fk` (`layoutId`)
) ENGINE=InnoDB AUTO_INCREMENT=11 DEFAULT CHARSET=utf8 COLLATE=utf8_unicode_ci;

--
-- Data for table `craft_fieldlayouttabs`
--

INSERT INTO `craft_fieldlayouttabs` (`id`, `layoutId`, `name`, `sortOrder`, `dateCreated`, `dateUpdated`, `uid`) VALUES
 ('1', '3', 'Content', '1', '2016-01-28 19:18:25', '2016-01-28 19:18:25', '1e45a8d4-aa72-43f3-afb7-3838ff75791f'),
 ('3', '6', 'Content', '1', '2016-01-28 19:28:14', '2016-01-28 19:28:14', '26ff328a-f1ee-4164-82ee-7982c3ab2e77'),
 ('4', '7', 'Content', '1', '2016-01-28 19:28:14', '2016-01-28 19:28:14', '4dd56b63-1aea-4c8e-80a9-67d43fb94dd6'),
 ('5', '8', 'Content', '1', '2016-01-28 19:28:14', '2016-01-28 19:28:14', 'e03f7deb-0ac0-4824-86ba-3d3ea168a903'),
 ('6', '9', 'Content', '1', '2016-01-28 19:28:14', '2016-01-28 19:28:14', '2300b94a-8076-4af4-8406-4cb84814eb33'),
 ('7', '10', 'Content', '1', '2016-01-28 19:28:35', '2016-01-28 19:28:35', 'c25baea0-1b1b-4495-befe-b5ddc40e32c5'),
 ('9', '13', 'Project', '1', '2016-05-05 03:59:04', '2016-05-05 03:59:04', '5e8fbfd4-c8da-4c1a-9e3e-edda721132a9'),
 ('10', '15', 'Content', '1', '2016-05-07 01:23:14', '2016-05-07 01:23:14', '62f448c6-fea0-4619-b074-7d379031258c');



DROP TABLE IF EXISTS `craft_fields`;


--
-- Schema for table `craft_fields`
--
CREATE TABLE `craft_fields` (
  `id` int(11) NOT NULL AUTO_INCREMENT,
  `groupId` int(11) DEFAULT NULL,
  `name` varchar(255) COLLATE utf8_unicode_ci NOT NULL,
  `handle` varchar(58) COLLATE utf8_unicode_ci NOT NULL,
  `context` varchar(255) COLLATE utf8_unicode_ci NOT NULL DEFAULT 'global',
  `instructions` text COLLATE utf8_unicode_ci,
  `translatable` tinyint(1) unsigned NOT NULL DEFAULT '0',
  `type` varchar(150) COLLATE utf8_unicode_ci NOT NULL,
  `settings` text COLLATE utf8_unicode_ci,
  `dateCreated` datetime NOT NULL,
  `dateUpdated` datetime NOT NULL,
  `uid` char(36) COLLATE utf8_unicode_ci NOT NULL DEFAULT '0',
  PRIMARY KEY (`id`),
  UNIQUE KEY `craft_fields_handle_context_unq_idx` (`handle`,`context`),
  KEY `craft_fields_context_idx` (`context`),
  KEY `craft_fields_groupId_fk` (`groupId`)
) ENGINE=InnoDB AUTO_INCREMENT=13 DEFAULT CHARSET=utf8 COLLATE=utf8_unicode_ci;

--
-- Data for table `craft_fields`
--

INSERT INTO `craft_fields` (`id`, `groupId`, `name`, `handle`, `context`, `instructions`, `translatable`, `type`, `settings`, `dateCreated`, `dateUpdated`, `uid`) VALUES
 ('1', '1', 'Body', 'body', 'global', NULL, '1', 'RichText', '{\"configFile\":\"Standard.json\",\"columnType\":\"text\"}', '2016-01-28 19:18:25', '2016-01-28 19:18:25', '102e9ee7-a998-4a72-8500-518949c9594c'),
 ('2', '1', 'Tags', 'tags', 'global', NULL, '0', 'Tags', '{\"source\":\"taggroup:1\"}', '2016-01-28 19:18:25', '2016-01-28 19:18:25', 'fd75102d-59b2-4752-9d2e-4accc2c4511e'),
 ('3', '1', 'Body Enhanced', 'bodyEnhanced', 'global', '', '0', 'Matrix', '{\"maxBlocks\":null}', '2016-01-28 19:28:14', '2016-01-28 19:28:14', '97128406-1e8e-47ac-ad29-590aecc7e633'),
 ('4', NULL, 'Heading', 'heading', 'matrixBlockType:1', '', '0', 'PlainText', '{\"placeholder\":\"\",\"maxLength\":\"\",\"multiline\":\"\",\"initialRows\":\"4\"}', '2016-01-28 19:28:14', '2016-01-28 19:28:14', '70a9fec3-2d9b-45b7-ba6e-7762db7db15c'),
 ('5', NULL, 'Body', 'body', 'matrixBlockType:2', '', '0', 'RichText', '{\"configFile\":\"\",\"cleanupHtml\":\"1\",\"purifyHtml\":\"1\",\"columnType\":\"text\"}', '2016-01-28 19:28:14', '2016-01-28 19:28:14', 'd6a3a477-b665-44cf-90ec-514a5b3593dc'),
 ('6', NULL, 'Video', 'video', 'matrixBlockType:3', '', '0', 'PlainText', '{\"placeholder\":\"\",\"maxLength\":\"\",\"multiline\":\"\",\"initialRows\":\"4\"}', '2016-01-28 19:28:14', '2016-01-28 19:28:14', '7c5bd9d6-6a97-4833-acae-b04702bdf224'),
 ('7', NULL, 'Image', 'image', 'matrixBlockType:4', '', '0', 'Assets', '{\"useSingleFolder\":\"\",\"defaultUploadLocationSubpath\":\"\",\"singleUploadLocationSubpath\":\"\",\"restrictFiles\":\"\",\"limit\":\"\",\"viewMode\":\"list\",\"selectionLabel\":\"\"}', '2016-01-28 19:28:14', '2016-01-28 19:28:14', '846eed64-c6bc-4a35-bc21-68ba65f1fc68'),
 ('8', '1', 'Featured Image', 'featuredImage', 'global', '', '0', 'Assets', '{\"useSingleFolder\":\"\",\"defaultUploadLocationSubpath\":\"\",\"singleUploadLocationSubpath\":\"\",\"restrictFiles\":\"\",\"limit\":\"\",\"viewMode\":\"list\",\"selectionLabel\":\"\"}', '2016-04-04 04:08:25', '2016-04-04 04:08:25', '335c3288-4844-4fbb-9936-b67af8b205f1'),
 ('9', '1', 'Project Name', 'projectName', 'global', '', '0', 'PlainText', '{\"placeholder\":\"\",\"maxLength\":\"\",\"multiline\":\"\",\"initialRows\":\"4\"}', '2016-05-03 06:05:23', '2016-05-03 06:05:23', '879c0049-dff1-4a02-85ee-8d63d762186a'),
 ('10', '1', 'Start Date', 'startDate', 'global', '', '0', 'Date', '{\"minuteIncrement\":\"30\",\"showDate\":1,\"showTime\":0}', '2016-05-05 03:36:07', '2016-05-05 03:36:07', '9368253e-91e3-479d-a8b6-b418ee194af1'),
 ('11', '1', 'End Date', 'endDate', 'global', '', '0', 'Date', '{\"minuteIncrement\":\"30\",\"showDate\":1,\"showTime\":0}', '2016-05-05 03:36:15', '2016-05-05 03:36:15', '2a02e3fc-13e3-474e-ad64-a7fa07eb5c9c'),
 ('12', '1', 'Logo', 'logo', 'global', '', '0', 'Assets', '{\"useSingleFolder\":\"\",\"defaultUploadLocationSubpath\":\"\",\"singleUploadLocationSubpath\":\"\",\"restrictFiles\":\"\",\"limit\":\"1\",\"viewMode\":\"large\",\"selectionLabel\":\"Add a logo\"}', '2016-05-07 01:23:00', '2016-05-07 01:23:00', '154ab12d-2591-43ad-80a5-efaf1e710b89');



DROP TABLE IF EXISTS `craft_globalsets`;


--
-- Schema for table `craft_globalsets`
--
CREATE TABLE `craft_globalsets` (
  `id` int(11) NOT NULL,
  `name` varchar(255) COLLATE utf8_unicode_ci NOT NULL,
  `handle` varchar(255) COLLATE utf8_unicode_ci NOT NULL,
  `fieldLayoutId` int(10) DEFAULT NULL,
  `dateCreated` datetime NOT NULL,
  `dateUpdated` datetime NOT NULL,
  `uid` char(36) COLLATE utf8_unicode_ci NOT NULL DEFAULT '0',
  PRIMARY KEY (`id`),
  UNIQUE KEY `craft_globalsets_name_unq_idx` (`name`),
  UNIQUE KEY `craft_globalsets_handle_unq_idx` (`handle`),
  KEY `craft_globalsets_fieldLayoutId_fk` (`fieldLayoutId`)
) ENGINE=InnoDB DEFAULT CHARSET=utf8 COLLATE=utf8_unicode_ci;

--
-- Data for table `craft_globalsets`
--

INSERT INTO `craft_globalsets` (`id`, `name`, `handle`, `fieldLayoutId`, `dateCreated`, `dateUpdated`, `uid`) VALUES
 ('19', 'Global', 'global', '15', '2016-05-07 01:22:30', '2016-05-07 01:23:14', '818f8837-a590-44b8-83a1-075597a7f4d3');



DROP TABLE IF EXISTS `craft_info`;


--
-- Schema for table `craft_info`
--
CREATE TABLE `craft_info` (
  `id` int(11) NOT NULL AUTO_INCREMENT,
  `version` varchar(15) COLLATE utf8_unicode_ci NOT NULL,
  `build` int(11) unsigned NOT NULL,
  `schemaVersion` varchar(15) COLLATE utf8_unicode_ci NOT NULL,
  `releaseDate` datetime NOT NULL,
  `edition` tinyint(1) unsigned NOT NULL DEFAULT '0',
  `siteName` varchar(100) COLLATE utf8_unicode_ci NOT NULL,
  `siteUrl` varchar(255) COLLATE utf8_unicode_ci NOT NULL,
  `timezone` varchar(30) COLLATE utf8_unicode_ci DEFAULT NULL,
  `on` tinyint(1) unsigned NOT NULL DEFAULT '0',
  `maintenance` tinyint(1) unsigned NOT NULL DEFAULT '0',
  `track` varchar(40) COLLATE utf8_unicode_ci NOT NULL,
  `dateCreated` datetime NOT NULL,
  `dateUpdated` datetime NOT NULL,
  `uid` char(36) COLLATE utf8_unicode_ci NOT NULL DEFAULT '0',
  PRIMARY KEY (`id`)
) ENGINE=InnoDB AUTO_INCREMENT=2 DEFAULT CHARSET=utf8 COLLATE=utf8_unicode_ci;

--
-- Data for table `craft_info`
--

INSERT INTO `craft_info` (`id`, `version`, `build`, `schemaVersion`, `releaseDate`, `edition`, `siteName`, `siteUrl`, `timezone`, `on`, `maintenance`, `track`, `dateCreated`, `dateUpdated`, `uid`) VALUES
 ('1', '2.6', '2779', '2.6.3', '2016-03-28 21:47:21', '0', 'Mrpaulphan', 'http://mrpaulphan.dev', 'UTC', '1', '1', 'stable', '2016-01-28 19:18:20', '2016-05-07 01:28:23', '1dd1fa2e-1910-4e7f-a1ad-f912e649873e');



DROP TABLE IF EXISTS `craft_locales`;


--
-- Schema for table `craft_locales`
--
CREATE TABLE `craft_locales` (
  `locale` char(12) COLLATE utf8_unicode_ci NOT NULL,
  `sortOrder` smallint(6) unsigned DEFAULT NULL,
  `dateCreated` datetime NOT NULL,
  `dateUpdated` datetime NOT NULL,
  `uid` char(36) COLLATE utf8_unicode_ci NOT NULL DEFAULT '0',
  PRIMARY KEY (`locale`),
  KEY `craft_locales_sortOrder_idx` (`sortOrder`)
) ENGINE=InnoDB DEFAULT CHARSET=utf8 COLLATE=utf8_unicode_ci;

--
-- Data for table `craft_locales`
--

INSERT INTO `craft_locales` (`locale`, `sortOrder`, `dateCreated`, `dateUpdated`, `uid`) VALUES
 ('en_us', '1', '2016-01-28 19:18:20', '2016-01-28 19:18:20', 'd0758163-b370-41f7-93ea-7be77382fb89');



DROP TABLE IF EXISTS `craft_matrixblocks`;


--
-- Schema for table `craft_matrixblocks`
--
CREATE TABLE `craft_matrixblocks` (
  `id` int(11) NOT NULL,
  `ownerId` int(11) NOT NULL,
  `fieldId` int(11) NOT NULL,
  `typeId` int(11) DEFAULT NULL,
  `sortOrder` smallint(6) unsigned DEFAULT NULL,
  `ownerLocale` char(12) COLLATE utf8_unicode_ci DEFAULT NULL,
  `dateCreated` datetime NOT NULL,
  `dateUpdated` datetime NOT NULL,
  `uid` char(36) COLLATE utf8_unicode_ci NOT NULL DEFAULT '0',
  PRIMARY KEY (`id`),
  KEY `craft_matrixblocks_ownerId_idx` (`ownerId`),
  KEY `craft_matrixblocks_fieldId_idx` (`fieldId`),
  KEY `craft_matrixblocks_typeId_idx` (`typeId`),
  KEY `craft_matrixblocks_sortOrder_idx` (`sortOrder`),
  KEY `craft_matrixblocks_ownerLocale_fk` (`ownerLocale`)
) ENGINE=InnoDB DEFAULT CHARSET=utf8 COLLATE=utf8_unicode_ci;

--
-- Data for table `craft_matrixblocks`
--

INSERT INTO `craft_matrixblocks` (`id`, `ownerId`, `fieldId`, `typeId`, `sortOrder`, `ownerLocale`, `dateCreated`, `dateUpdated`, `uid`) VALUES
 ('18', '17', '3', '2', '1', NULL, '2016-05-05 04:01:59', '2016-05-05 04:01:59', '3a5327a0-5ed6-4b28-aae6-fc95600e92ed');



DROP TABLE IF EXISTS `craft_matrixblocktypes`;


--
-- Schema for table `craft_matrixblocktypes`
--
CREATE TABLE `craft_matrixblocktypes` (
  `id` int(11) NOT NULL AUTO_INCREMENT,
  `fieldId` int(11) NOT NULL,
  `fieldLayoutId` int(11) DEFAULT NULL,
  `name` varchar(255) COLLATE utf8_unicode_ci NOT NULL,
  `handle` varchar(255) COLLATE utf8_unicode_ci NOT NULL,
  `sortOrder` smallint(6) unsigned DEFAULT NULL,
  `dateCreated` datetime NOT NULL,
  `dateUpdated` datetime NOT NULL,
  `uid` char(36) COLLATE utf8_unicode_ci NOT NULL DEFAULT '0',
  PRIMARY KEY (`id`),
  UNIQUE KEY `craft_matrixblocktypes_name_fieldId_unq_idx` (`name`,`fieldId`),
  UNIQUE KEY `craft_matrixblocktypes_handle_fieldId_unq_idx` (`handle`,`fieldId`),
  KEY `craft_matrixblocktypes_fieldId_fk` (`fieldId`),
  KEY `craft_matrixblocktypes_fieldLayoutId_fk` (`fieldLayoutId`)
) ENGINE=InnoDB AUTO_INCREMENT=5 DEFAULT CHARSET=utf8 COLLATE=utf8_unicode_ci;

--
-- Data for table `craft_matrixblocktypes`
--

INSERT INTO `craft_matrixblocktypes` (`id`, `fieldId`, `fieldLayoutId`, `name`, `handle`, `sortOrder`, `dateCreated`, `dateUpdated`, `uid`) VALUES
 ('1', '3', '6', 'Heading Block', 'headingBlock', '1', '2016-01-28 19:28:14', '2016-01-28 19:28:14', '0fc71d5c-ae78-457b-bedc-b03f9888f408'),
 ('2', '3', '7', 'Body Block', 'bodyBlock', '2', '2016-01-28 19:28:14', '2016-01-28 19:28:14', '2751fdf7-4033-4840-b99f-85e3eeae3bd4'),
 ('3', '3', '8', 'Video Block', 'videoBlock', '3', '2016-01-28 19:28:14', '2016-01-28 19:28:14', 'a4a2a8d5-6f37-40a4-8fec-8e57f776eda6'),
 ('4', '3', '9', 'Image Block', 'imageBlock', '4', '2016-01-28 19:28:14', '2016-01-28 19:28:14', '472f5662-cc84-4f14-a1f9-babf6266ec85');



DROP TABLE IF EXISTS `craft_matrixcontent_bodyenhanced`;


--
-- Schema for table `craft_matrixcontent_bodyenhanced`
--
CREATE TABLE `craft_matrixcontent_bodyenhanced` (
  `id` int(11) NOT NULL AUTO_INCREMENT,
  `elementId` int(11) NOT NULL,
  `locale` char(12) COLLATE utf8_unicode_ci NOT NULL,
  `field_headingBlock_heading` text COLLATE utf8_unicode_ci,
  `field_bodyBlock_body` text COLLATE utf8_unicode_ci,
  `field_videoBlock_video` text COLLATE utf8_unicode_ci,
  `dateCreated` datetime NOT NULL,
  `dateUpdated` datetime NOT NULL,
  `uid` char(36) COLLATE utf8_unicode_ci NOT NULL DEFAULT '0',
  PRIMARY KEY (`id`),
  UNIQUE KEY `craft_matrixcontent_bodyenhanced_elementId_locale_unq_idx` (`elementId`,`locale`),
  KEY `craft_matrixcontent_bodyenhanced_locale_fk` (`locale`)
) ENGINE=InnoDB AUTO_INCREMENT=2 DEFAULT CHARSET=utf8 COLLATE=utf8_unicode_ci;

--
-- Data for table `craft_matrixcontent_bodyenhanced`
--

INSERT INTO `craft_matrixcontent_bodyenhanced` (`id`, `elementId`, `locale`, `field_headingBlock_heading`, `field_bodyBlock_body`, `field_videoBlock_video`, `dateCreated`, `dateUpdated`, `uid`) VALUES
 ('1', '18', 'en_us', NULL, '', NULL, '2016-05-05 04:01:59', '2016-05-05 04:01:59', '5921d9c7-f145-40d9-ab0c-d06caccdb9fc');



DROP TABLE IF EXISTS `craft_migrations`;


--
-- Schema for table `craft_migrations`
--
CREATE TABLE `craft_migrations` (
  `id` int(11) NOT NULL AUTO_INCREMENT,
  `pluginId` int(11) DEFAULT NULL,
  `version` varchar(255) COLLATE utf8_unicode_ci NOT NULL,
  `applyTime` datetime NOT NULL,
  `dateCreated` datetime NOT NULL,
  `dateUpdated` datetime NOT NULL,
  `uid` char(36) COLLATE utf8_unicode_ci NOT NULL DEFAULT '0',
  PRIMARY KEY (`id`),
  UNIQUE KEY `craft_migrations_version_unq_idx` (`version`),
  KEY `craft_migrations_pluginId_fk` (`pluginId`)
) ENGINE=InnoDB AUTO_INCREMENT=32 DEFAULT CHARSET=utf8 COLLATE=utf8_unicode_ci;

--
-- Data for table `craft_migrations`
--

INSERT INTO `craft_migrations` (`id`, `pluginId`, `version`, `applyTime`, `dateCreated`, `dateUpdated`, `uid`) VALUES
 ('1', NULL, 'm000000_000000_base', '2016-01-28 19:18:20', '2016-01-28 19:18:20', '2016-01-28 19:18:20', 'a44a4c6b-7136-4928-922b-f5879ec1b0a6'),
 ('2', NULL, 'm140730_000001_add_filename_and_format_to_transformindex', '2016-01-28 19:18:20', '2016-01-28 19:18:20', '2016-01-28 19:18:20', '65f3669f-2b68-4a82-b078-bcd5661fc1a5'),
 ('3', NULL, 'm140815_000001_add_format_to_transforms', '2016-01-28 19:18:20', '2016-01-28 19:18:20', '2016-01-28 19:18:20', 'bf9923ce-eab2-416b-9ce3-7db5f57686bd'),
 ('4', NULL, 'm140822_000001_allow_more_than_128_items_per_field', '2016-01-28 19:18:20', '2016-01-28 19:18:20', '2016-01-28 19:18:20', 'bd2a0781-5847-4350-890a-49854ef285e6'),
 ('5', NULL, 'm140829_000001_single_title_formats', '2016-01-28 19:18:20', '2016-01-28 19:18:20', '2016-01-28 19:18:20', '7ccc7fdd-24b5-490a-b29a-631835bf6380'),
 ('6', NULL, 'm140831_000001_extended_cache_keys', '2016-01-28 19:18:20', '2016-01-28 19:18:20', '2016-01-28 19:18:20', 'dce11335-e592-442d-9463-85f7859d3b21'),
 ('7', NULL, 'm140922_000001_delete_orphaned_matrix_blocks', '2016-01-28 19:18:20', '2016-01-28 19:18:20', '2016-01-28 19:18:20', '85f6507d-b324-44b0-9d10-a13241a0fbc7'),
 ('8', NULL, 'm141008_000001_elements_index_tune', '2016-01-28 19:18:20', '2016-01-28 19:18:20', '2016-01-28 19:18:20', 'c66c182f-ca07-47d2-9736-e5e0539299c5'),
 ('9', NULL, 'm141009_000001_assets_source_handle', '2016-01-28 19:18:20', '2016-01-28 19:18:20', '2016-01-28 19:18:20', '3792e189-97df-47ae-bc71-a63cdcd3c06c'),
 ('10', NULL, 'm141024_000001_field_layout_tabs', '2016-01-28 19:18:20', '2016-01-28 19:18:20', '2016-01-28 19:18:20', 'b16790ed-7191-4a46-b5ec-473e4af42bab'),
 ('11', NULL, 'm141030_000000_plugin_schema_versions', '2016-01-28 19:18:20', '2016-01-28 19:18:20', '2016-01-28 19:18:20', 'b17c2222-8750-4a42-aa3c-6e697c37f622'),
 ('12', NULL, 'm141030_000001_drop_structure_move_permission', '2016-01-28 19:18:20', '2016-01-28 19:18:20', '2016-01-28 19:18:20', 'a3b373a5-85d3-45bc-92b6-c65b33674442'),
 ('13', NULL, 'm141103_000001_tag_titles', '2016-01-28 19:18:20', '2016-01-28 19:18:20', '2016-01-28 19:18:20', '4e963a81-2a14-44a2-af03-acc0e0a354bb'),
 ('14', NULL, 'm141109_000001_user_status_shuffle', '2016-01-28 19:18:20', '2016-01-28 19:18:20', '2016-01-28 19:18:20', '8aa2680e-1c6c-4920-a842-a93c92acc1bd'),
 ('15', NULL, 'm141126_000001_user_week_start_day', '2016-01-28 19:18:20', '2016-01-28 19:18:20', '2016-01-28 19:18:20', '5b84baeb-3efa-41de-b13f-ff8efd907a70'),
 ('16', NULL, 'm150210_000001_adjust_user_photo_size', '2016-01-28 19:18:20', '2016-01-28 19:18:20', '2016-01-28 19:18:20', '29de5760-8b73-4838-abf3-2b341b07f526'),
 ('17', NULL, 'm150724_000001_adjust_quality_settings', '2016-01-28 19:18:20', '2016-01-28 19:18:20', '2016-01-28 19:18:20', '325ae8b0-d1ea-4818-8aa7-8b1aaab63383'),
 ('18', NULL, 'm150827_000000_element_index_settings', '2016-01-28 19:18:20', '2016-01-28 19:18:20', '2016-01-28 19:18:20', '958f8008-2aaf-463e-a906-9bd8f7560762'),
 ('19', NULL, 'm150918_000001_add_colspan_to_widgets', '2016-01-28 19:18:20', '2016-01-28 19:18:20', '2016-01-28 19:18:20', '75782ce2-73f7-42b8-97da-7fc9cdfaf149'),
 ('20', NULL, 'm151007_000000_clear_asset_caches', '2016-01-28 19:18:20', '2016-01-28 19:18:20', '2016-01-28 19:18:20', 'ed2c57e5-eb72-4905-bb37-6b2fa42fdd42'),
 ('21', NULL, 'm151109_000000_text_url_formats', '2016-01-28 19:18:20', '2016-01-28 19:18:20', '2016-01-28 19:18:20', '42ddf3ec-4de4-40ec-8a24-4bdf40dbfbff'),
 ('22', NULL, 'm151110_000000_move_logo', '2016-01-28 19:18:20', '2016-01-28 19:18:20', '2016-01-28 19:18:20', '96210c11-ee8f-4e1a-89a4-0742617783c9'),
 ('23', NULL, 'm151117_000000_adjust_image_widthheight', '2016-01-28 19:18:20', '2016-01-28 19:18:20', '2016-01-28 19:18:20', 'a14ac894-b5f3-4271-94b7-9e519dceb005'),
 ('24', NULL, 'm151127_000000_clear_license_key_status', '2016-01-28 19:18:20', '2016-01-28 19:18:20', '2016-01-28 19:18:20', '0c806427-0c1f-4999-82d1-8dd0b7bbf734'),
 ('25', NULL, 'm151127_000000_plugin_license_keys', '2016-01-28 19:18:20', '2016-01-28 19:18:20', '2016-01-28 19:18:20', 'd83e2550-1dc9-4d00-8343-45da77d1fea7'),
 ('26', NULL, 'm151130_000000_update_pt_widget_feeds', '2016-01-28 19:18:20', '2016-01-28 19:18:20', '2016-01-28 19:18:20', '16182afb-2736-4daa-a6c6-9bfc013a75c7'),
 ('27', NULL, 'm160114_000000_asset_sources_public_url_default_true', '2016-04-04 04:07:26', '2016-04-04 04:07:26', '2016-04-04 04:07:26', 'f9b10705-2d15-4988-a4f5-ee1fe161b087'),
 ('28', NULL, 'm160223_000000_sortorder_to_smallint', '2016-04-04 04:07:26', '2016-04-04 04:07:26', '2016-04-04 04:07:26', '206b9227-d070-4e21-8be6-ded000b7c058'),
 ('29', NULL, 'm160229_000000_set_default_entry_statuses', '2016-04-04 04:07:26', '2016-04-04 04:07:26', '2016-04-04 04:07:26', '6b01185e-0cdf-4188-a7ff-8e2e7b4c365a'),
 ('30', NULL, 'm160304_000000_client_permissions', '2016-04-04 04:07:26', '2016-04-04 04:07:26', '2016-04-04 04:07:26', '385ace6a-ea20-4f66-ab02-18ef84b8cb4c'),
 ('31', NULL, 'm160322_000000_asset_filesize', '2016-04-04 04:07:27', '2016-04-04 04:07:27', '2016-04-04 04:07:27', '47c12115-bf1f-49df-be8b-57379ee45d19');



DROP TABLE IF EXISTS `craft_plugins`;


--
-- Schema for table `craft_plugins`
--
CREATE TABLE `craft_plugins` (
  `id` int(11) NOT NULL AUTO_INCREMENT,
  `class` varchar(150) COLLATE utf8_unicode_ci NOT NULL,
  `version` varchar(15) COLLATE utf8_unicode_ci NOT NULL,
  `schemaVersion` varchar(15) COLLATE utf8_unicode_ci DEFAULT NULL,
  `licenseKey` char(24) COLLATE utf8_unicode_ci DEFAULT NULL,
  `licenseKeyStatus` enum('valid','invalid','mismatched','unknown') COLLATE utf8_unicode_ci NOT NULL DEFAULT 'unknown',
  `enabled` tinyint(1) unsigned NOT NULL DEFAULT '0',
  `settings` text COLLATE utf8_unicode_ci,
  `installDate` datetime NOT NULL,
  `dateCreated` datetime NOT NULL,
  `dateUpdated` datetime NOT NULL,
  `uid` char(36) COLLATE utf8_unicode_ci NOT NULL DEFAULT '0',
  PRIMARY KEY (`id`)
) ENGINE=InnoDB DEFAULT CHARSET=utf8 COLLATE=utf8_unicode_ci;

DROP TABLE IF EXISTS `craft_rackspaceaccess`;


--
-- Schema for table `craft_rackspaceaccess`
--
CREATE TABLE `craft_rackspaceaccess` (
  `id` int(11) NOT NULL AUTO_INCREMENT,
  `connectionKey` varchar(255) COLLATE utf8_unicode_ci NOT NULL,
  `token` varchar(255) COLLATE utf8_unicode_ci NOT NULL,
  `storageUrl` varchar(255) COLLATE utf8_unicode_ci NOT NULL,
  `cdnUrl` varchar(255) COLLATE utf8_unicode_ci NOT NULL,
  `dateCreated` datetime NOT NULL,
  `dateUpdated` datetime NOT NULL,
  `uid` char(36) COLLATE utf8_unicode_ci NOT NULL DEFAULT '0',
  PRIMARY KEY (`id`),
  UNIQUE KEY `craft_rackspaceaccess_connectionKey_unq_idx` (`connectionKey`)
) ENGINE=InnoDB DEFAULT CHARSET=utf8 COLLATE=utf8_unicode_ci;

DROP TABLE IF EXISTS `craft_relations`;


--
-- Schema for table `craft_relations`
--
CREATE TABLE `craft_relations` (
  `id` int(11) NOT NULL AUTO_INCREMENT,
  `fieldId` int(11) NOT NULL,
  `sourceId` int(11) NOT NULL,
  `sourceLocale` char(12) COLLATE utf8_unicode_ci DEFAULT NULL,
  `targetId` int(11) NOT NULL,
  `sortOrder` smallint(6) DEFAULT NULL,
  `dateCreated` datetime NOT NULL,
  `dateUpdated` datetime NOT NULL,
  `uid` char(36) COLLATE utf8_unicode_ci NOT NULL DEFAULT '0',
  PRIMARY KEY (`id`),
  UNIQUE KEY `craft_relations_fieldId_sourceId_sourceLocale_targetId_unq_idx` (`fieldId`,`sourceId`,`sourceLocale`,`targetId`),
  KEY `craft_relations_sourceId_fk` (`sourceId`),
  KEY `craft_relations_sourceLocale_fk` (`sourceLocale`),
  KEY `craft_relations_targetId_fk` (`targetId`)
) ENGINE=InnoDB AUTO_INCREMENT=21 DEFAULT CHARSET=utf8 COLLATE=utf8_unicode_ci;

--
-- Data for table `craft_relations`
--

INSERT INTO `craft_relations` (`id`, `fieldId`, `sourceId`, `sourceLocale`, `targetId`, `sortOrder`, `dateCreated`, `dateUpdated`, `uid`) VALUES
 ('1', '2', '9', NULL, '4', '1', '2016-05-03 06:08:42', '2016-05-03 06:08:42', 'd641231d-5348-4eb9-a52b-2d90665bf62f'),
 ('2', '2', '9', NULL, '5', '2', '2016-05-03 06:08:42', '2016-05-03 06:08:42', 'd0c957bc-23d5-49c6-9b9a-ad21c600956b'),
 ('3', '2', '9', NULL, '6', '3', '2016-05-03 06:08:42', '2016-05-03 06:08:42', '4e9fde4a-4bf5-46ed-92c2-074f2a16583d'),
 ('4', '2', '9', NULL, '7', '4', '2016-05-03 06:08:42', '2016-05-03 06:08:42', 'be0154f0-c1bc-48ca-80e8-ccd571a4e624'),
 ('5', '2', '9', NULL, '8', '5', '2016-05-03 06:08:42', '2016-05-03 06:08:42', 'fd107d89-3ca0-4ac6-b5ec-5d54a9de615c'),
 ('14', '2', '15', NULL, '13', '1', '2016-05-05 04:00:54', '2016-05-05 04:00:54', 'cf336b3a-12e1-4ed2-9e3a-c802f0a33326'),
 ('15', '2', '15', NULL, '14', '2', '2016-05-05 04:00:54', '2016-05-05 04:00:54', 'eb8fd828-0b7f-45c9-beba-1fea8bee9a4e'),
 ('16', '2', '12', NULL, '10', '1', '2016-05-05 04:01:20', '2016-05-05 04:01:20', '3fd3b765-8dc3-4f8e-9a74-06f2bcb532b5'),
 ('17', '2', '12', NULL, '11', '2', '2016-05-05 04:01:20', '2016-05-05 04:01:20', '09c2fea5-ee7d-438f-8fd6-ee6a183dd98a'),
 ('18', '2', '17', NULL, '14', '1', '2016-05-05 04:01:59', '2016-05-05 04:01:59', 'eb02a76d-2604-492c-a17c-c1b8f735283f'),
 ('19', '2', '17', NULL, '16', '2', '2016-05-05 04:01:59', '2016-05-05 04:01:59', '74da21b1-a77e-4355-88dd-b40099642e39'),
 ('20', '12', '19', NULL, '20', '1', '2016-05-07 01:27:53', '2016-05-07 01:27:53', '8976f518-19f5-4dcb-abc7-c43b15c87101');



DROP TABLE IF EXISTS `craft_routes`;


--
-- Schema for table `craft_routes`
--
CREATE TABLE `craft_routes` (
  `id` int(11) NOT NULL AUTO_INCREMENT,
  `locale` char(12) COLLATE utf8_unicode_ci DEFAULT NULL,
  `urlParts` varchar(255) COLLATE utf8_unicode_ci NOT NULL,
  `urlPattern` varchar(255) COLLATE utf8_unicode_ci NOT NULL,
  `template` varchar(255) COLLATE utf8_unicode_ci NOT NULL,
  `sortOrder` smallint(6) unsigned DEFAULT NULL,
  `dateCreated` datetime NOT NULL,
  `dateUpdated` datetime NOT NULL,
  `uid` char(36) COLLATE utf8_unicode_ci NOT NULL DEFAULT '0',
  PRIMARY KEY (`id`),
  UNIQUE KEY `craft_routes_urlPattern_unq_idx` (`urlPattern`),
  KEY `craft_routes_locale_idx` (`locale`)
) ENGINE=InnoDB DEFAULT CHARSET=utf8 COLLATE=utf8_unicode_ci;

DROP TABLE IF EXISTS `craft_searchindex`;


--
-- Schema for table `craft_searchindex`
--
CREATE TABLE `craft_searchindex` (
  `elementId` int(11) NOT NULL,
  `attribute` varchar(25) COLLATE utf8_unicode_ci NOT NULL,
  `fieldId` int(11) NOT NULL,
  `locale` char(12) COLLATE utf8_unicode_ci NOT NULL,
  `keywords` text COLLATE utf8_unicode_ci NOT NULL,
  PRIMARY KEY (`elementId`,`attribute`,`fieldId`,`locale`),
  FULLTEXT KEY `craft_searchindex_keywords_idx` (`keywords`)
) ENGINE=MyISAM DEFAULT CHARSET=utf8 COLLATE=utf8_unicode_ci;

--
-- Data for table `craft_searchindex`
--

INSERT INTO `craft_searchindex` (`elementId`, `attribute`, `fieldId`, `locale`, `keywords`) VALUES
 ('1', 'username', '0', 'en_us', ' mrpaulphan '),
 ('1', 'firstname', '0', 'en_us', ''),
 ('1', 'lastname', '0', 'en_us', ''),
 ('1', 'fullname', '0', 'en_us', ''),
 ('1', 'email', '0', 'en_us', ' paul mrpaulphan com '),
 ('1', 'slug', '0', 'en_us', ''),
 ('2', 'slug', '0', 'en_us', ' homepage '),
 ('2', 'title', '0', 'en_us', ' welcome to mrpaulphan dev '),
 ('2', 'field', '1', 'en_us', ' it s true this site doesn t have a whole lot of content yet but don t worry our web developers have just installed the cms and they re setting things up for the content editors this very moment soon mrpaulphan dev will be an oasis of fresh perspectives sharp analyses and astute opinions that will keep you coming back again and again '),
 ('3', 'field', '1', 'en_us', ' craft is the cms that s powering mrpaulphan dev it s beautiful powerful flexible and easy to use and it s made by pixel tonic we can t wait to dive in and see what it s capable of this is even more captivating content which you couldn t see on the news index page because it was entered after a page break and the news index template only likes to show the content on the first page craft a nice alternative to word if you re making a website '),
 ('3', 'field', '2', 'en_us', ''),
 ('3', 'slug', '0', 'en_us', ' we just installed craft '),
 ('3', 'title', '0', 'en_us', ' we just installed craft '),
 ('4', 'name', '0', 'en_us', ' ios '),
 ('4', 'slug', '0', 'en_us', ''),
 ('4', 'title', '0', 'en_us', ' ios '),
 ('5', 'name', '0', 'en_us', ' swift '),
 ('5', 'slug', '0', 'en_us', ''),
 ('5', 'title', '0', 'en_us', ' swift '),
 ('6', 'name', '0', 'en_us', ' indoo rs '),
 ('6', 'slug', '0', 'en_us', ''),
 ('6', 'title', '0', 'en_us', ' indoo rs '),
 ('7', 'name', '0', 'en_us', ' objectic c '),
 ('7', 'slug', '0', 'en_us', ''),
 ('7', 'title', '0', 'en_us', ' objectic c '),
 ('8', 'name', '0', 'en_us', ' beacons '),
 ('8', 'slug', '0', 'en_us', ''),
 ('8', 'title', '0', 'en_us', ' beacons '),
 ('9', 'field', '8', 'en_us', ''),
 ('9', 'field', '3', 'en_us', ''),
 ('9', 'field', '2', 'en_us', ' ios swift indoo rs objectic c beacons '),
 ('9', 'slug', '0', 'en_us', ' urbn explore '),
 ('9', 'title', '0', 'en_us', ' urbn explore '),
 ('10', 'name', '0', 'en_us', ' php '),
 ('10', 'slug', '0', 'en_us', ''),
 ('10', 'title', '0', 'en_us', ' php '),
 ('11', 'name', '0', 'en_us', ' cms '),
 ('11', 'slug', '0', 'en_us', ''),
 ('11', 'title', '0', 'en_us', ' cms '),
 ('12', 'field', '8', 'en_us', ''),
 ('12', 'field', '3', 'en_us', ''),
 ('12', 'field', '2', 'en_us', ' php cms '),
 ('12', 'slug', '0', 'en_us', ' digm attendance app '),
 ('12', 'title', '0', 'en_us', ' digm attendance app '),
 ('13', 'name', '0', 'en_us', ' happy cog '),
 ('13', 'slug', '0', 'en_us', ''),
 ('13', 'title', '0', 'en_us', ' happy cog '),
 ('14', 'name', '0', 'en_us', ' pattern lab '),
 ('14', 'slug', '0', 'en_us', ''),
 ('14', 'title', '0', 'en_us', ' pattern lab '),
 ('15', 'field', '8', 'en_us', ''),
 ('15', 'field', '3', 'en_us', ''),
 ('15', 'field', '2', 'en_us', ' happy cog pattern lab '),
 ('15', 'slug', '0', 'en_us', ' new york institute of technology nyit redesign '),
 ('15', 'title', '0', 'en_us', ' new york institute of technology nyit redesign '),
 ('16', 'name', '0', 'en_us', ' craftcms '),
 ('16', 'slug', '0', 'en_us', ''),
 ('16', 'title', '0', 'en_us', ' craftcms '),
 ('17', 'field', '8', 'en_us', ''),
 ('17', 'field', '3', 'en_us', ''),
 ('17', 'field', '2', 'en_us', ' pattern lab craftcms '),
 ('17', 'slug', '0', 'en_us', ' canon cbps '),
 ('17', 'title', '0', 'en_us', ' canon cbps '),
 ('17', 'field', '10', 'en_us', ' 2015 04 01 '),
 ('17', 'field', '11', 'en_us', ''),
 ('15', 'field', '10', 'en_us', ''),
 ('15', 'field', '11', 'en_us', ' 2016 03 16 '),
 ('12', 'field', '10', 'en_us', ' 2015 08 01 '),
 ('12', 'field', '11', 'en_us', ' 2016 06 05 '),
 ('18', 'field', '5', 'en_us', ''),
 ('18', 'slug', '0', 'en_us', ''),
 ('19', 'slug', '0', 'en_us', ''),
 ('19', 'field', '12', 'en_us', ' mrpaulphan logo '),
 ('20', 'filename', '0', 'en_us', ' mrpaulphan_logo png '),
 ('20', 'extension', '0', 'en_us', ' png '),
 ('20', 'kind', '0', 'en_us', ' image '),
 ('20', 'slug', '0', 'en_us', ''),
 ('20', 'title', '0', 'en_us', ' mrpaulphan logo ');



DROP TABLE IF EXISTS `craft_sections`;


--
-- Schema for table `craft_sections`
--
CREATE TABLE `craft_sections` (
  `id` int(11) NOT NULL AUTO_INCREMENT,
  `structureId` int(11) DEFAULT NULL,
  `name` varchar(255) COLLATE utf8_unicode_ci NOT NULL,
  `handle` varchar(255) COLLATE utf8_unicode_ci NOT NULL,
  `type` enum('single','channel','structure') COLLATE utf8_unicode_ci NOT NULL DEFAULT 'channel',
  `hasUrls` tinyint(1) unsigned NOT NULL DEFAULT '1',
  `template` varchar(500) COLLATE utf8_unicode_ci DEFAULT NULL,
  `enableVersioning` tinyint(1) unsigned NOT NULL DEFAULT '0',
  `dateCreated` datetime NOT NULL,
  `dateUpdated` datetime NOT NULL,
  `uid` char(36) COLLATE utf8_unicode_ci NOT NULL DEFAULT '0',
  PRIMARY KEY (`id`),
  UNIQUE KEY `craft_sections_name_unq_idx` (`name`),
  UNIQUE KEY `craft_sections_handle_unq_idx` (`handle`),
  KEY `craft_sections_structureId_fk` (`structureId`)
) ENGINE=InnoDB AUTO_INCREMENT=4 DEFAULT CHARSET=utf8 COLLATE=utf8_unicode_ci;

--
-- Data for table `craft_sections`
--

INSERT INTO `craft_sections` (`id`, `structureId`, `name`, `handle`, `type`, `hasUrls`, `template`, `enableVersioning`, `dateCreated`, `dateUpdated`, `uid`) VALUES
 ('1', NULL, 'Homepage', 'homepage', 'single', '1', 'homepage', '1', '2016-01-28 19:18:25', '2016-05-03 06:02:52', 'c3f44e87-c98c-42bf-9656-c88e255f6853'),
 ('2', NULL, 'Blog', 'blog', 'channel', '1', 'blog/_entry', '1', '2016-01-28 19:18:25', '2016-01-28 19:19:38', '3722ce85-5361-401e-bc75-70260459146c'),
 ('3', NULL, 'Projects', 'projects', 'channel', '1', 'work', '1', '2016-05-03 06:06:12', '2016-05-05 03:37:26', 'caa7ec70-2578-4de0-8d2a-8e3d301b2104');



DROP TABLE IF EXISTS `craft_sections_i18n`;


--
-- Schema for table `craft_sections_i18n`
--
CREATE TABLE `craft_sections_i18n` (
  `id` int(11) NOT NULL AUTO_INCREMENT,
  `sectionId` int(11) NOT NULL,
  `locale` char(12) COLLATE utf8_unicode_ci NOT NULL,
  `enabledByDefault` tinyint(1) unsigned NOT NULL DEFAULT '1',
  `urlFormat` text COLLATE utf8_unicode_ci,
  `nestedUrlFormat` text COLLATE utf8_unicode_ci,
  `dateCreated` datetime NOT NULL,
  `dateUpdated` datetime NOT NULL,
  `uid` char(36) COLLATE utf8_unicode_ci NOT NULL DEFAULT '0',
  PRIMARY KEY (`id`),
  UNIQUE KEY `craft_sections_i18n_sectionId_locale_unq_idx` (`sectionId`,`locale`),
  KEY `craft_sections_i18n_locale_fk` (`locale`)
) ENGINE=InnoDB AUTO_INCREMENT=4 DEFAULT CHARSET=utf8 COLLATE=utf8_unicode_ci;

--
-- Data for table `craft_sections_i18n`
--

INSERT INTO `craft_sections_i18n` (`id`, `sectionId`, `locale`, `enabledByDefault`, `urlFormat`, `nestedUrlFormat`, `dateCreated`, `dateUpdated`, `uid`) VALUES
 ('1', '1', 'en_us', '1', '__home__', NULL, '2016-01-28 19:18:25', '2016-04-04 04:07:26', '23eccf00-d727-41aa-9b57-712354dd6182'),
 ('2', '2', 'en_us', '1', 'blog/{postDate.year}/{slug}', NULL, '2016-01-28 19:18:25', '2016-04-04 04:07:26', '78a4d463-b24f-4ba7-8ccd-a2837f3f89ae'),
 ('3', '3', 'en_us', '1', 'projects/{slug}', NULL, '2016-05-03 06:06:12', '2016-05-05 03:37:26', '39c821d3-b6bc-4177-aa92-b8e34e10a817');



DROP TABLE IF EXISTS `craft_sessions`;


--
-- Schema for table `craft_sessions`
--
CREATE TABLE `craft_sessions` (
  `id` int(11) NOT NULL AUTO_INCREMENT,
  `userId` int(11) NOT NULL,
  `token` char(100) COLLATE utf8_unicode_ci NOT NULL,
  `dateCreated` datetime NOT NULL,
  `dateUpdated` datetime NOT NULL,
  `uid` char(36) COLLATE utf8_unicode_ci NOT NULL DEFAULT '0',
  PRIMARY KEY (`id`),
  KEY `craft_sessions_uid_idx` (`uid`),
  KEY `craft_sessions_token_idx` (`token`),
  KEY `craft_sessions_dateUpdated_idx` (`dateUpdated`),
  KEY `craft_sessions_userId_fk` (`userId`)
) ENGINE=InnoDB AUTO_INCREMENT=4 DEFAULT CHARSET=utf8 COLLATE=utf8_unicode_ci;

DROP TABLE IF EXISTS `craft_shunnedmessages`;


--
-- Schema for table `craft_shunnedmessages`
--
CREATE TABLE `craft_shunnedmessages` (
  `id` int(11) NOT NULL AUTO_INCREMENT,
  `userId` int(11) NOT NULL,
  `message` varchar(255) COLLATE utf8_unicode_ci NOT NULL,
  `expiryDate` datetime DEFAULT NULL,
  `dateCreated` datetime NOT NULL,
  `dateUpdated` datetime NOT NULL,
  `uid` char(36) COLLATE utf8_unicode_ci NOT NULL DEFAULT '0',
  PRIMARY KEY (`id`),
  UNIQUE KEY `craft_shunnedmessages_userId_message_unq_idx` (`userId`,`message`)
) ENGINE=InnoDB DEFAULT CHARSET=utf8 COLLATE=utf8_unicode_ci;

DROP TABLE IF EXISTS `craft_structureelements`;


--
-- Schema for table `craft_structureelements`
--
CREATE TABLE `craft_structureelements` (
  `id` int(11) NOT NULL AUTO_INCREMENT,
  `structureId` int(11) NOT NULL,
  `elementId` int(11) DEFAULT NULL,
  `root` int(11) unsigned DEFAULT NULL,
  `lft` int(11) unsigned NOT NULL,
  `rgt` int(11) unsigned NOT NULL,
  `level` smallint(6) unsigned NOT NULL,
  `dateCreated` datetime NOT NULL,
  `dateUpdated` datetime NOT NULL,
  `uid` char(36) COLLATE utf8_unicode_ci NOT NULL DEFAULT '0',
  PRIMARY KEY (`id`),
  UNIQUE KEY `craft_structureelements_structureId_elementId_unq_idx` (`structureId`,`elementId`),
  KEY `craft_structureelements_root_idx` (`root`),
  KEY `craft_structureelements_lft_idx` (`lft`),
  KEY `craft_structureelements_rgt_idx` (`rgt`),
  KEY `craft_structureelements_level_idx` (`level`),
  KEY `craft_structureelements_elementId_fk` (`elementId`)
) ENGINE=InnoDB DEFAULT CHARSET=utf8 COLLATE=utf8_unicode_ci;

DROP TABLE IF EXISTS `craft_structures`;


--
-- Schema for table `craft_structures`
--
CREATE TABLE `craft_structures` (
  `id` int(11) NOT NULL AUTO_INCREMENT,
  `maxLevels` smallint(6) unsigned DEFAULT NULL,
  `dateCreated` datetime NOT NULL,
  `dateUpdated` datetime NOT NULL,
  `uid` char(36) COLLATE utf8_unicode_ci NOT NULL DEFAULT '0',
  PRIMARY KEY (`id`)
) ENGINE=InnoDB DEFAULT CHARSET=utf8 COLLATE=utf8_unicode_ci;

DROP TABLE IF EXISTS `craft_systemsettings`;


--
-- Schema for table `craft_systemsettings`
--
CREATE TABLE `craft_systemsettings` (
  `id` int(11) NOT NULL AUTO_INCREMENT,
  `category` varchar(15) COLLATE utf8_unicode_ci NOT NULL,
  `settings` text COLLATE utf8_unicode_ci,
  `dateCreated` datetime NOT NULL,
  `dateUpdated` datetime NOT NULL,
  `uid` char(36) COLLATE utf8_unicode_ci NOT NULL DEFAULT '0',
  PRIMARY KEY (`id`),
  UNIQUE KEY `craft_systemsettings_category_unq_idx` (`category`)
) ENGINE=InnoDB AUTO_INCREMENT=2 DEFAULT CHARSET=utf8 COLLATE=utf8_unicode_ci;

--
-- Data for table `craft_systemsettings`
--

INSERT INTO `craft_systemsettings` (`id`, `category`, `settings`, `dateCreated`, `dateUpdated`, `uid`) VALUES
 ('1', 'email', '{\"protocol\":\"php\",\"emailAddress\":\"paul@mrpaulphan.com\",\"senderName\":\"Mrpaulphan\"}', '2016-01-28 19:18:25', '2016-01-28 19:18:25', 'e81cb4f5-7729-4b00-87cd-cffd3c8c6ff9');



DROP TABLE IF EXISTS `craft_taggroups`;


--
-- Schema for table `craft_taggroups`
--
CREATE TABLE `craft_taggroups` (
  `id` int(11) NOT NULL AUTO_INCREMENT,
  `name` varchar(255) COLLATE utf8_unicode_ci NOT NULL,
  `handle` varchar(255) COLLATE utf8_unicode_ci NOT NULL,
  `fieldLayoutId` int(10) DEFAULT NULL,
  `dateCreated` datetime NOT NULL,
  `dateUpdated` datetime NOT NULL,
  `uid` char(36) COLLATE utf8_unicode_ci NOT NULL DEFAULT '0',
  PRIMARY KEY (`id`),
  UNIQUE KEY `craft_taggroups_name_unq_idx` (`name`),
  UNIQUE KEY `craft_taggroups_handle_unq_idx` (`handle`),
  KEY `craft_taggroups_fieldLayoutId_fk` (`fieldLayoutId`)
) ENGINE=InnoDB AUTO_INCREMENT=2 DEFAULT CHARSET=utf8 COLLATE=utf8_unicode_ci;

--
-- Data for table `craft_taggroups`
--

INSERT INTO `craft_taggroups` (`id`, `name`, `handle`, `fieldLayoutId`, `dateCreated`, `dateUpdated`, `uid`) VALUES
 ('1', 'Default', 'default', '1', '2016-01-28 19:18:25', '2016-01-28 19:18:25', '2a7217e0-6bca-4602-85f8-6350bae56dad');



DROP TABLE IF EXISTS `craft_tags`;


--
-- Schema for table `craft_tags`
--
CREATE TABLE `craft_tags` (
  `id` int(11) NOT NULL,
  `groupId` int(11) NOT NULL,
  `dateCreated` datetime NOT NULL,
  `dateUpdated` datetime NOT NULL,
  `uid` char(36) COLLATE utf8_unicode_ci NOT NULL DEFAULT '0',
  PRIMARY KEY (`id`),
  KEY `craft_tags_groupId_fk` (`groupId`)
) ENGINE=InnoDB DEFAULT CHARSET=utf8 COLLATE=utf8_unicode_ci;

--
-- Data for table `craft_tags`
--

INSERT INTO `craft_tags` (`id`, `groupId`, `dateCreated`, `dateUpdated`, `uid`) VALUES
 ('4', '1', '2016-05-03 06:07:52', '2016-05-03 06:07:52', '6088fa0c-9c56-4cea-9643-efbcadb133f5'),
 ('5', '1', '2016-05-03 06:07:58', '2016-05-03 06:07:58', 'bebb0553-77ba-456c-ad97-1a30c48bf9b6'),
 ('6', '1', '2016-05-03 06:08:09', '2016-05-03 06:08:09', 'e1599777-4a58-4209-9ecb-82b4aaf91ba3'),
 ('7', '1', '2016-05-03 06:08:17', '2016-05-03 06:08:17', '685a47f9-3c0c-4ddd-b700-3b497c7c5fa9'),
 ('8', '1', '2016-05-03 06:08:24', '2016-05-03 06:08:24', '0e647f4e-42e6-481a-a5cd-292d5bbc6f6f'),
 ('10', '1', '2016-05-03 06:09:25', '2016-05-03 06:09:25', 'f16212e2-ae34-4160-9831-b997ef6b3b73'),
 ('11', '1', '2016-05-03 06:09:32', '2016-05-03 06:09:32', '13ab3133-c81b-4d47-9c93-b7350946c33e'),
 ('13', '1', '2016-05-03 06:10:11', '2016-05-03 06:10:11', '3d186918-f0b4-477c-a914-3542db6e6977'),
 ('14', '1', '2016-05-03 06:10:21', '2016-05-03 06:10:21', '9fcca8e3-10cc-4386-a319-661bab6b9e8c'),
 ('16', '1', '2016-05-03 16:08:08', '2016-05-03 16:08:08', '83bc4cec-3613-4d07-92ce-cfb20560f680');



DROP TABLE IF EXISTS `craft_tasks`;


--
-- Schema for table `craft_tasks`
--
CREATE TABLE `craft_tasks` (
  `id` int(11) NOT NULL AUTO_INCREMENT,
  `root` int(11) unsigned DEFAULT NULL,
  `lft` int(11) unsigned NOT NULL,
  `rgt` int(11) unsigned NOT NULL,
  `level` smallint(6) unsigned NOT NULL,
  `currentStep` int(11) unsigned DEFAULT NULL,
  `totalSteps` int(11) unsigned DEFAULT NULL,
  `status` enum('pending','error','running') COLLATE utf8_unicode_ci DEFAULT NULL,
  `type` varchar(150) COLLATE utf8_unicode_ci NOT NULL,
  `description` varchar(255) COLLATE utf8_unicode_ci DEFAULT NULL,
  `settings` text COLLATE utf8_unicode_ci,
  `dateCreated` datetime NOT NULL,
  `dateUpdated` datetime NOT NULL,
  `uid` char(36) COLLATE utf8_unicode_ci NOT NULL DEFAULT '0',
  PRIMARY KEY (`id`),
  KEY `craft_tasks_root_idx` (`root`),
  KEY `craft_tasks_lft_idx` (`lft`),
  KEY `craft_tasks_rgt_idx` (`rgt`),
  KEY `craft_tasks_level_idx` (`level`)
) ENGINE=InnoDB AUTO_INCREMENT=9 DEFAULT CHARSET=utf8 COLLATE=utf8_unicode_ci;

DROP TABLE IF EXISTS `craft_templatecachecriteria`;


--
-- Schema for table `craft_templatecachecriteria`
--
CREATE TABLE `craft_templatecachecriteria` (
  `id` int(11) NOT NULL AUTO_INCREMENT,
  `cacheId` int(11) NOT NULL,
  `type` varchar(150) COLLATE utf8_unicode_ci NOT NULL,
  `criteria` text COLLATE utf8_unicode_ci NOT NULL,
  PRIMARY KEY (`id`),
  KEY `craft_templatecachecriteria_cacheId_fk` (`cacheId`),
  KEY `craft_templatecachecriteria_type_idx` (`type`)
) ENGINE=InnoDB DEFAULT CHARSET=utf8 COLLATE=utf8_unicode_ci;

DROP TABLE IF EXISTS `craft_templatecacheelements`;


--
-- Schema for table `craft_templatecacheelements`
--
CREATE TABLE `craft_templatecacheelements` (
  `cacheId` int(11) NOT NULL,
  `elementId` int(11) NOT NULL,
  KEY `craft_templatecacheelements_cacheId_fk` (`cacheId`),
  KEY `craft_templatecacheelements_elementId_fk` (`elementId`)
) ENGINE=InnoDB DEFAULT CHARSET=utf8 COLLATE=utf8_unicode_ci;

DROP TABLE IF EXISTS `craft_templatecaches`;


--
-- Schema for table `craft_templatecaches`
--
CREATE TABLE `craft_templatecaches` (
  `id` int(11) NOT NULL AUTO_INCREMENT,
  `cacheKey` varchar(255) COLLATE utf8_unicode_ci NOT NULL,
  `locale` char(12) COLLATE utf8_unicode_ci NOT NULL,
  `path` varchar(255) COLLATE utf8_unicode_ci DEFAULT NULL,
  `expiryDate` datetime NOT NULL,
  `body` mediumtext COLLATE utf8_unicode_ci NOT NULL,
  PRIMARY KEY (`id`),
  KEY `craft_templatecaches_expiryDate_cacheKey_locale_path_idx` (`expiryDate`,`cacheKey`,`locale`,`path`),
  KEY `craft_templatecaches_locale_fk` (`locale`)
) ENGINE=InnoDB DEFAULT CHARSET=utf8 COLLATE=utf8_unicode_ci;

DROP TABLE IF EXISTS `craft_tokens`;


--
-- Schema for table `craft_tokens`
--
CREATE TABLE `craft_tokens` (
  `id` int(11) NOT NULL AUTO_INCREMENT,
  `token` char(32) COLLATE utf8_unicode_ci NOT NULL,
  `route` text COLLATE utf8_unicode_ci,
  `usageLimit` tinyint(3) unsigned DEFAULT NULL,
  `usageCount` tinyint(3) unsigned DEFAULT NULL,
  `expiryDate` datetime NOT NULL,
  `dateCreated` datetime NOT NULL,
  `dateUpdated` datetime NOT NULL,
  `uid` char(36) COLLATE utf8_unicode_ci NOT NULL DEFAULT '0',
  PRIMARY KEY (`id`),
  UNIQUE KEY `craft_tokens_token_unq_idx` (`token`),
  KEY `craft_tokens_expiryDate_idx` (`expiryDate`)
) ENGINE=InnoDB DEFAULT CHARSET=utf8 COLLATE=utf8_unicode_ci;

DROP TABLE IF EXISTS `craft_usergroups`;


--
-- Schema for table `craft_usergroups`
--
CREATE TABLE `craft_usergroups` (
  `id` int(11) NOT NULL AUTO_INCREMENT,
  `name` varchar(255) COLLATE utf8_unicode_ci NOT NULL,
  `handle` varchar(255) COLLATE utf8_unicode_ci NOT NULL,
  `dateCreated` datetime NOT NULL,
  `dateUpdated` datetime NOT NULL,
  `uid` char(36) COLLATE utf8_unicode_ci NOT NULL DEFAULT '0',
  PRIMARY KEY (`id`)
) ENGINE=InnoDB DEFAULT CHARSET=utf8 COLLATE=utf8_unicode_ci;

DROP TABLE IF EXISTS `craft_usergroups_users`;


--
-- Schema for table `craft_usergroups_users`
--
CREATE TABLE `craft_usergroups_users` (
  `id` int(11) NOT NULL AUTO_INCREMENT,
  `groupId` int(11) NOT NULL,
  `userId` int(11) NOT NULL,
  `dateCreated` datetime NOT NULL,
  `dateUpdated` datetime NOT NULL,
  `uid` char(36) COLLATE utf8_unicode_ci NOT NULL DEFAULT '0',
  PRIMARY KEY (`id`),
  UNIQUE KEY `craft_usergroups_users_groupId_userId_unq_idx` (`groupId`,`userId`),
  KEY `craft_usergroups_users_userId_fk` (`userId`)
) ENGINE=InnoDB DEFAULT CHARSET=utf8 COLLATE=utf8_unicode_ci;

DROP TABLE IF EXISTS `craft_userpermissions`;


--
-- Schema for table `craft_userpermissions`
--
CREATE TABLE `craft_userpermissions` (
  `id` int(11) NOT NULL AUTO_INCREMENT,
  `name` varchar(255) COLLATE utf8_unicode_ci NOT NULL,
  `dateCreated` datetime NOT NULL,
  `dateUpdated` datetime NOT NULL,
  `uid` char(36) COLLATE utf8_unicode_ci NOT NULL DEFAULT '0',
  PRIMARY KEY (`id`),
  UNIQUE KEY `craft_userpermissions_name_unq_idx` (`name`)
) ENGINE=InnoDB DEFAULT CHARSET=utf8 COLLATE=utf8_unicode_ci;

DROP TABLE IF EXISTS `craft_userpermissions_usergroups`;


--
-- Schema for table `craft_userpermissions_usergroups`
--
CREATE TABLE `craft_userpermissions_usergroups` (
  `id` int(11) NOT NULL AUTO_INCREMENT,
  `permissionId` int(11) NOT NULL,
  `groupId` int(11) NOT NULL,
  `dateCreated` datetime NOT NULL,
  `dateUpdated` datetime NOT NULL,
  `uid` char(36) COLLATE utf8_unicode_ci NOT NULL DEFAULT '0',
  PRIMARY KEY (`id`),
  UNIQUE KEY `craft_userpermissions_usergroups_permissionId_groupId_unq_idx` (`permissionId`,`groupId`),
  KEY `craft_userpermissions_usergroups_groupId_fk` (`groupId`)
) ENGINE=InnoDB DEFAULT CHARSET=utf8 COLLATE=utf8_unicode_ci;

DROP TABLE IF EXISTS `craft_userpermissions_users`;


--
-- Schema for table `craft_userpermissions_users`
--
CREATE TABLE `craft_userpermissions_users` (
  `id` int(11) NOT NULL AUTO_INCREMENT,
  `permissionId` int(11) NOT NULL,
  `userId` int(11) NOT NULL,
  `dateCreated` datetime NOT NULL,
  `dateUpdated` datetime NOT NULL,
  `uid` char(36) COLLATE utf8_unicode_ci NOT NULL DEFAULT '0',
  PRIMARY KEY (`id`),
  UNIQUE KEY `craft_userpermissions_users_permissionId_userId_unq_idx` (`permissionId`,`userId`),
  KEY `craft_userpermissions_users_userId_fk` (`userId`)
) ENGINE=InnoDB DEFAULT CHARSET=utf8 COLLATE=utf8_unicode_ci;

DROP TABLE IF EXISTS `craft_users`;


--
-- Schema for table `craft_users`
--
CREATE TABLE `craft_users` (
  `id` int(11) NOT NULL,
  `username` varchar(100) COLLATE utf8_unicode_ci NOT NULL,
  `photo` varchar(100) COLLATE utf8_unicode_ci DEFAULT NULL,
  `firstName` varchar(100) COLLATE utf8_unicode_ci DEFAULT NULL,
  `lastName` varchar(100) COLLATE utf8_unicode_ci DEFAULT NULL,
  `email` varchar(255) COLLATE utf8_unicode_ci NOT NULL,
  `password` char(255) COLLATE utf8_unicode_ci DEFAULT NULL,
  `preferredLocale` char(12) COLLATE utf8_unicode_ci DEFAULT NULL,
  `weekStartDay` tinyint(1) unsigned NOT NULL DEFAULT '0',
  `admin` tinyint(1) unsigned NOT NULL DEFAULT '0',
  `client` tinyint(1) unsigned NOT NULL DEFAULT '0',
  `locked` tinyint(1) unsigned NOT NULL DEFAULT '0',
  `suspended` tinyint(1) unsigned NOT NULL DEFAULT '0',
  `pending` tinyint(1) unsigned NOT NULL DEFAULT '0',
  `archived` tinyint(1) unsigned NOT NULL DEFAULT '0',
  `lastLoginDate` datetime DEFAULT NULL,
  `lastLoginAttemptIPAddress` varchar(45) COLLATE utf8_unicode_ci DEFAULT NULL,
  `invalidLoginWindowStart` datetime DEFAULT NULL,
  `invalidLoginCount` tinyint(4) unsigned DEFAULT NULL,
  `lastInvalidLoginDate` datetime DEFAULT NULL,
  `lockoutDate` datetime DEFAULT NULL,
  `verificationCode` char(100) COLLATE utf8_unicode_ci DEFAULT NULL,
  `verificationCodeIssuedDate` datetime DEFAULT NULL,
  `unverifiedEmail` varchar(255) COLLATE utf8_unicode_ci DEFAULT NULL,
  `passwordResetRequired` tinyint(1) unsigned NOT NULL DEFAULT '0',
  `lastPasswordChangeDate` datetime DEFAULT NULL,
  `dateCreated` datetime NOT NULL,
  `dateUpdated` datetime NOT NULL,
  `uid` char(36) COLLATE utf8_unicode_ci NOT NULL DEFAULT '0',
  PRIMARY KEY (`id`),
  UNIQUE KEY `craft_users_username_unq_idx` (`username`),
  UNIQUE KEY `craft_users_email_unq_idx` (`email`),
  KEY `craft_users_verificationCode_idx` (`verificationCode`),
  KEY `craft_users_uid_idx` (`uid`),
  KEY `craft_users_preferredLocale_fk` (`preferredLocale`)
) ENGINE=InnoDB DEFAULT CHARSET=utf8 COLLATE=utf8_unicode_ci;

--
-- Data for table `craft_users`
--

INSERT INTO `craft_users` (`id`, `username`, `photo`, `firstName`, `lastName`, `email`, `password`, `preferredLocale`, `weekStartDay`, `admin`, `client`, `locked`, `suspended`, `pending`, `archived`, `lastLoginDate`, `lastLoginAttemptIPAddress`, `invalidLoginWindowStart`, `invalidLoginCount`, `lastInvalidLoginDate`, `lockoutDate`, `verificationCode`, `verificationCodeIssuedDate`, `unverifiedEmail`, `passwordResetRequired`, `lastPasswordChangeDate`, `dateCreated`, `dateUpdated`, `uid`) VALUES
 ('1', 'mrpaulphan', NULL, NULL, NULL, 'paul@mrpaulphan.com', '$2y$13$/TMKqHdEuELm9zVJJzR6mexHyzT00qMIdK4ZElqRQTuzU3y0kAq4i', NULL, '0', '1', '0', '0', '0', '0', '0', '2016-05-03 06:02:37', '::1', NULL, NULL, NULL, NULL, NULL, NULL, NULL, '0', '2016-01-28 19:18:22', '2016-01-28 19:18:22', '2016-05-03 06:02:37', '3fa4cf8b-6b51-44d5-8219-b6008c609cfa');



DROP TABLE IF EXISTS `craft_widgets`;


--
-- Schema for table `craft_widgets`
--
CREATE TABLE `craft_widgets` (
  `id` int(11) NOT NULL AUTO_INCREMENT,
  `userId` int(11) NOT NULL,
  `type` varchar(150) COLLATE utf8_unicode_ci NOT NULL,
  `sortOrder` smallint(6) unsigned DEFAULT NULL,
  `colspan` tinyint(4) unsigned DEFAULT NULL,
  `settings` text COLLATE utf8_unicode_ci,
  `enabled` tinyint(1) unsigned NOT NULL DEFAULT '1',
  `dateCreated` datetime NOT NULL,
  `dateUpdated` datetime NOT NULL,
  `uid` char(36) COLLATE utf8_unicode_ci NOT NULL DEFAULT '0',
  PRIMARY KEY (`id`),
  KEY `craft_widgets_userId_fk` (`userId`)
) ENGINE=InnoDB AUTO_INCREMENT=5 DEFAULT CHARSET=utf8 COLLATE=utf8_unicode_ci;

--
-- Data for table `craft_widgets`
--

INSERT INTO `craft_widgets` (`id`, `userId`, `type`, `sortOrder`, `colspan`, `settings`, `enabled`, `dateCreated`, `dateUpdated`, `uid`) VALUES
 ('1', '1', 'RecentEntries', '1', NULL, NULL, '1', '2016-01-28 19:18:40', '2016-01-28 19:18:40', 'cf7fb90e-acab-4ac0-9044-aa09cee6e786'),
 ('2', '1', 'GetHelp', '2', NULL, NULL, '1', '2016-01-28 19:18:40', '2016-01-28 19:18:40', 'd743bf0f-d803-478c-b8f7-413147ef3009'),
 ('3', '1', 'Updates', '3', NULL, NULL, '1', '2016-01-28 19:18:40', '2016-01-28 19:18:40', '2cb6ad21-1940-42c4-a9d9-5ae2636df6ce'),
 ('4', '1', 'Feed', '4', NULL, '{\"url\":\"https:\\/\\/craftcms.com\\/news.rss\",\"title\":\"Craft News\"}', '1', '2016-01-28 19:18:40', '2016-01-28 19:18:40', '9797d6b3-dd4f-4079-900c-4216a3495a44');


--
-- Constraints for tables
--


--
-- Constraints for table `craft_assetfiles`
--
ALTER TABLE `craft_assetfiles`
	ADD CONSTRAINT `craft_assetfiles_folderId_fk` FOREIGN KEY (`folderId`) REFERENCES `craft_assetfolders` (`id`) ON DELETE CASCADE,
	ADD CONSTRAINT `craft_assetfiles_id_fk` FOREIGN KEY (`id`) REFERENCES `craft_elements` (`id`) ON DELETE CASCADE,
	ADD CONSTRAINT `craft_assetfiles_sourceId_fk` FOREIGN KEY (`sourceId`) REFERENCES `craft_assetsources` (`id`) ON DELETE CASCADE;

--
-- Constraints for table `craft_assetfolders`
--
ALTER TABLE `craft_assetfolders`
	ADD CONSTRAINT `craft_assetfolders_parentId_fk` FOREIGN KEY (`parentId`) REFERENCES `craft_assetfolders` (`id`) ON DELETE CASCADE,
	ADD CONSTRAINT `craft_assetfolders_sourceId_fk` FOREIGN KEY (`sourceId`) REFERENCES `craft_assetsources` (`id`) ON DELETE CASCADE;

--
-- Constraints for table `craft_assetindexdata`
--
ALTER TABLE `craft_assetindexdata`
	ADD CONSTRAINT `craft_assetindexdata_sourceId_fk` FOREIGN KEY (`sourceId`) REFERENCES `craft_assetsources` (`id`) ON DELETE CASCADE;

--
-- Constraints for table `craft_assetsources`
--
ALTER TABLE `craft_assetsources`
	ADD CONSTRAINT `craft_assetsources_fieldLayoutId_fk` FOREIGN KEY (`fieldLayoutId`) REFERENCES `craft_fieldlayouts` (`id`) ON DELETE SET NULL;

--
-- Constraints for table `craft_categories`
--
ALTER TABLE `craft_categories`
	ADD CONSTRAINT `craft_categories_groupId_fk` FOREIGN KEY (`groupId`) REFERENCES `craft_categorygroups` (`id`) ON DELETE CASCADE,
	ADD CONSTRAINT `craft_categories_id_fk` FOREIGN KEY (`id`) REFERENCES `craft_elements` (`id`) ON DELETE CASCADE;

--
-- Constraints for table `craft_categorygroups`
--
ALTER TABLE `craft_categorygroups`
	ADD CONSTRAINT `craft_categorygroups_fieldLayoutId_fk` FOREIGN KEY (`fieldLayoutId`) REFERENCES `craft_fieldlayouts` (`id`) ON DELETE SET NULL,
	ADD CONSTRAINT `craft_categorygroups_structureId_fk` FOREIGN KEY (`structureId`) REFERENCES `craft_structures` (`id`) ON DELETE CASCADE;

--
-- Constraints for table `craft_categorygroups_i18n`
--
ALTER TABLE `craft_categorygroups_i18n`
	ADD CONSTRAINT `craft_categorygroups_i18n_groupId_fk` FOREIGN KEY (`groupId`) REFERENCES `craft_categorygroups` (`id`) ON DELETE CASCADE,
	ADD CONSTRAINT `craft_categorygroups_i18n_locale_fk` FOREIGN KEY (`locale`) REFERENCES `craft_locales` (`locale`) ON DELETE CASCADE ON UPDATE CASCADE;

--
-- Constraints for table `craft_content`
--
ALTER TABLE `craft_content`
	ADD CONSTRAINT `craft_content_elementId_fk` FOREIGN KEY (`elementId`) REFERENCES `craft_elements` (`id`) ON DELETE CASCADE,
	ADD CONSTRAINT `craft_content_locale_fk` FOREIGN KEY (`locale`) REFERENCES `craft_locales` (`locale`) ON DELETE CASCADE ON UPDATE CASCADE;

--
-- Constraints for table `craft_elements_i18n`
--
ALTER TABLE `craft_elements_i18n`
	ADD CONSTRAINT `craft_elements_i18n_elementId_fk` FOREIGN KEY (`elementId`) REFERENCES `craft_elements` (`id`) ON DELETE CASCADE,
	ADD CONSTRAINT `craft_elements_i18n_locale_fk` FOREIGN KEY (`locale`) REFERENCES `craft_locales` (`locale`) ON DELETE CASCADE ON UPDATE CASCADE;

--
-- Constraints for table `craft_emailmessages`
--
ALTER TABLE `craft_emailmessages`
	ADD CONSTRAINT `craft_emailmessages_locale_fk` FOREIGN KEY (`locale`) REFERENCES `craft_locales` (`locale`) ON DELETE CASCADE ON UPDATE CASCADE;

--
-- Constraints for table `craft_entries`
--
ALTER TABLE `craft_entries`
	ADD CONSTRAINT `craft_entries_authorId_fk` FOREIGN KEY (`authorId`) REFERENCES `craft_users` (`id`) ON DELETE CASCADE,
	ADD CONSTRAINT `craft_entries_id_fk` FOREIGN KEY (`id`) REFERENCES `craft_elements` (`id`) ON DELETE CASCADE,
	ADD CONSTRAINT `craft_entries_sectionId_fk` FOREIGN KEY (`sectionId`) REFERENCES `craft_sections` (`id`) ON DELETE CASCADE,
	ADD CONSTRAINT `craft_entries_typeId_fk` FOREIGN KEY (`typeId`) REFERENCES `craft_entrytypes` (`id`) ON DELETE CASCADE;

--
-- Constraints for table `craft_entrydrafts`
--
ALTER TABLE `craft_entrydrafts`
	ADD CONSTRAINT `craft_entrydrafts_creatorId_fk` FOREIGN KEY (`creatorId`) REFERENCES `craft_users` (`id`) ON DELETE CASCADE,
	ADD CONSTRAINT `craft_entrydrafts_entryId_fk` FOREIGN KEY (`entryId`) REFERENCES `craft_entries` (`id`) ON DELETE CASCADE,
	ADD CONSTRAINT `craft_entrydrafts_locale_fk` FOREIGN KEY (`locale`) REFERENCES `craft_locales` (`locale`) ON DELETE CASCADE ON UPDATE CASCADE,
	ADD CONSTRAINT `craft_entrydrafts_sectionId_fk` FOREIGN KEY (`sectionId`) REFERENCES `craft_sections` (`id`) ON DELETE CASCADE;

--
-- Constraints for table `craft_entrytypes`
--
ALTER TABLE `craft_entrytypes`
	ADD CONSTRAINT `craft_entrytypes_fieldLayoutId_fk` FOREIGN KEY (`fieldLayoutId`) REFERENCES `craft_fieldlayouts` (`id`) ON DELETE SET NULL,
	ADD CONSTRAINT `craft_entrytypes_sectionId_fk` FOREIGN KEY (`sectionId`) REFERENCES `craft_sections` (`id`) ON DELETE CASCADE;

--
-- Constraints for table `craft_entryversions`
--
ALTER TABLE `craft_entryversions`
	ADD CONSTRAINT `craft_entryversions_creatorId_fk` FOREIGN KEY (`creatorId`) REFERENCES `craft_users` (`id`) ON DELETE SET NULL,
	ADD CONSTRAINT `craft_entryversions_entryId_fk` FOREIGN KEY (`entryId`) REFERENCES `craft_entries` (`id`) ON DELETE CASCADE,
	ADD CONSTRAINT `craft_entryversions_locale_fk` FOREIGN KEY (`locale`) REFERENCES `craft_locales` (`locale`) ON DELETE CASCADE ON UPDATE CASCADE,
	ADD CONSTRAINT `craft_entryversions_sectionId_fk` FOREIGN KEY (`sectionId`) REFERENCES `craft_sections` (`id`) ON DELETE CASCADE;

--
-- Constraints for table `craft_fieldlayoutfields`
--
ALTER TABLE `craft_fieldlayoutfields`
	ADD CONSTRAINT `craft_fieldlayoutfields_fieldId_fk` FOREIGN KEY (`fieldId`) REFERENCES `craft_fields` (`id`) ON DELETE CASCADE,
	ADD CONSTRAINT `craft_fieldlayoutfields_layoutId_fk` FOREIGN KEY (`layoutId`) REFERENCES `craft_fieldlayouts` (`id`) ON DELETE CASCADE,
	ADD CONSTRAINT `craft_fieldlayoutfields_tabId_fk` FOREIGN KEY (`tabId`) REFERENCES `craft_fieldlayouttabs` (`id`) ON DELETE CASCADE;

--
-- Constraints for table `craft_fieldlayouttabs`
--
ALTER TABLE `craft_fieldlayouttabs`
	ADD CONSTRAINT `craft_fieldlayouttabs_layoutId_fk` FOREIGN KEY (`layoutId`) REFERENCES `craft_fieldlayouts` (`id`) ON DELETE CASCADE;

--
-- Constraints for table `craft_fields`
--
ALTER TABLE `craft_fields`
	ADD CONSTRAINT `craft_fields_groupId_fk` FOREIGN KEY (`groupId`) REFERENCES `craft_fieldgroups` (`id`) ON DELETE CASCADE;

--
-- Constraints for table `craft_globalsets`
--
ALTER TABLE `craft_globalsets`
	ADD CONSTRAINT `craft_globalsets_fieldLayoutId_fk` FOREIGN KEY (`fieldLayoutId`) REFERENCES `craft_fieldlayouts` (`id`) ON DELETE SET NULL,
	ADD CONSTRAINT `craft_globalsets_id_fk` FOREIGN KEY (`id`) REFERENCES `craft_elements` (`id`) ON DELETE CASCADE;

--
-- Constraints for table `craft_matrixblocks`
--
ALTER TABLE `craft_matrixblocks`
	ADD CONSTRAINT `craft_matrixblocks_fieldId_fk` FOREIGN KEY (`fieldId`) REFERENCES `craft_fields` (`id`) ON DELETE CASCADE,
	ADD CONSTRAINT `craft_matrixblocks_id_fk` FOREIGN KEY (`id`) REFERENCES `craft_elements` (`id`) ON DELETE CASCADE,
	ADD CONSTRAINT `craft_matrixblocks_ownerId_fk` FOREIGN KEY (`ownerId`) REFERENCES `craft_elements` (`id`) ON DELETE CASCADE,
	ADD CONSTRAINT `craft_matrixblocks_ownerLocale_fk` FOREIGN KEY (`ownerLocale`) REFERENCES `craft_locales` (`locale`) ON DELETE CASCADE ON UPDATE CASCADE,
	ADD CONSTRAINT `craft_matrixblocks_typeId_fk` FOREIGN KEY (`typeId`) REFERENCES `craft_matrixblocktypes` (`id`) ON DELETE CASCADE;

--
-- Constraints for table `craft_matrixblocktypes`
--
ALTER TABLE `craft_matrixblocktypes`
	ADD CONSTRAINT `craft_matrixblocktypes_fieldId_fk` FOREIGN KEY (`fieldId`) REFERENCES `craft_fields` (`id`) ON DELETE CASCADE,
	ADD CONSTRAINT `craft_matrixblocktypes_fieldLayoutId_fk` FOREIGN KEY (`fieldLayoutId`) REFERENCES `craft_fieldlayouts` (`id`) ON DELETE SET NULL;

--
-- Constraints for table `craft_matrixcontent_bodyenhanced`
--
ALTER TABLE `craft_matrixcontent_bodyenhanced`
	ADD CONSTRAINT `craft_matrixcontent_bodyenhanced_elementId_fk` FOREIGN KEY (`elementId`) REFERENCES `craft_elements` (`id`) ON DELETE CASCADE,
	ADD CONSTRAINT `craft_matrixcontent_bodyenhanced_locale_fk` FOREIGN KEY (`locale`) REFERENCES `craft_locales` (`locale`) ON DELETE CASCADE ON UPDATE CASCADE;

--
-- Constraints for table `craft_migrations`
--
ALTER TABLE `craft_migrations`
	ADD CONSTRAINT `craft_migrations_pluginId_fk` FOREIGN KEY (`pluginId`) REFERENCES `craft_plugins` (`id`) ON DELETE CASCADE;

--
-- Constraints for table `craft_relations`
--
ALTER TABLE `craft_relations`
	ADD CONSTRAINT `craft_relations_fieldId_fk` FOREIGN KEY (`fieldId`) REFERENCES `craft_fields` (`id`) ON DELETE CASCADE,
	ADD CONSTRAINT `craft_relations_sourceId_fk` FOREIGN KEY (`sourceId`) REFERENCES `craft_elements` (`id`) ON DELETE CASCADE,
	ADD CONSTRAINT `craft_relations_sourceLocale_fk` FOREIGN KEY (`sourceLocale`) REFERENCES `craft_locales` (`locale`) ON DELETE CASCADE ON UPDATE CASCADE,
	ADD CONSTRAINT `craft_relations_targetId_fk` FOREIGN KEY (`targetId`) REFERENCES `craft_elements` (`id`) ON DELETE CASCADE;

--
-- Constraints for table `craft_routes`
--
ALTER TABLE `craft_routes`
	ADD CONSTRAINT `craft_routes_locale_fk` FOREIGN KEY (`locale`) REFERENCES `craft_locales` (`locale`) ON DELETE CASCADE ON UPDATE CASCADE;

--
-- Constraints for table `craft_sections`
--
ALTER TABLE `craft_sections`
	ADD CONSTRAINT `craft_sections_structureId_fk` FOREIGN KEY (`structureId`) REFERENCES `craft_structures` (`id`) ON DELETE SET NULL;

--
-- Constraints for table `craft_sections_i18n`
--
ALTER TABLE `craft_sections_i18n`
	ADD CONSTRAINT `craft_sections_i18n_locale_fk` FOREIGN KEY (`locale`) REFERENCES `craft_locales` (`locale`) ON DELETE CASCADE ON UPDATE CASCADE,
	ADD CONSTRAINT `craft_sections_i18n_sectionId_fk` FOREIGN KEY (`sectionId`) REFERENCES `craft_sections` (`id`) ON DELETE CASCADE;

--
-- Constraints for table `craft_sessions`
--
ALTER TABLE `craft_sessions`
	ADD CONSTRAINT `craft_sessions_userId_fk` FOREIGN KEY (`userId`) REFERENCES `craft_users` (`id`) ON DELETE CASCADE;

--
-- Constraints for table `craft_shunnedmessages`
--
ALTER TABLE `craft_shunnedmessages`
	ADD CONSTRAINT `craft_shunnedmessages_userId_fk` FOREIGN KEY (`userId`) REFERENCES `craft_users` (`id`) ON DELETE CASCADE;

--
-- Constraints for table `craft_structureelements`
--
ALTER TABLE `craft_structureelements`
	ADD CONSTRAINT `craft_structureelements_elementId_fk` FOREIGN KEY (`elementId`) REFERENCES `craft_elements` (`id`) ON DELETE CASCADE,
	ADD CONSTRAINT `craft_structureelements_structureId_fk` FOREIGN KEY (`structureId`) REFERENCES `craft_structures` (`id`) ON DELETE CASCADE;

--
-- Constraints for table `craft_taggroups`
--
ALTER TABLE `craft_taggroups`
	ADD CONSTRAINT `craft_taggroups_fieldLayoutId_fk` FOREIGN KEY (`fieldLayoutId`) REFERENCES `craft_fieldlayouts` (`id`) ON DELETE SET NULL;

--
-- Constraints for table `craft_tags`
--
ALTER TABLE `craft_tags`
	ADD CONSTRAINT `craft_tags_groupId_fk` FOREIGN KEY (`groupId`) REFERENCES `craft_taggroups` (`id`) ON DELETE CASCADE,
	ADD CONSTRAINT `craft_tags_id_fk` FOREIGN KEY (`id`) REFERENCES `craft_elements` (`id`) ON DELETE CASCADE;

--
-- Constraints for table `craft_templatecachecriteria`
--
ALTER TABLE `craft_templatecachecriteria`
	ADD CONSTRAINT `craft_templatecachecriteria_cacheId_fk` FOREIGN KEY (`cacheId`) REFERENCES `craft_templatecaches` (`id`) ON DELETE CASCADE;

--
-- Constraints for table `craft_templatecacheelements`
--
ALTER TABLE `craft_templatecacheelements`
	ADD CONSTRAINT `craft_templatecacheelements_cacheId_fk` FOREIGN KEY (`cacheId`) REFERENCES `craft_templatecaches` (`id`) ON DELETE CASCADE,
	ADD CONSTRAINT `craft_templatecacheelements_elementId_fk` FOREIGN KEY (`elementId`) REFERENCES `craft_elements` (`id`) ON DELETE CASCADE;

--
-- Constraints for table `craft_templatecaches`
--
ALTER TABLE `craft_templatecaches`
	ADD CONSTRAINT `craft_templatecaches_locale_fk` FOREIGN KEY (`locale`) REFERENCES `craft_locales` (`locale`) ON DELETE CASCADE ON UPDATE CASCADE;

--
-- Constraints for table `craft_usergroups_users`
--
ALTER TABLE `craft_usergroups_users`
	ADD CONSTRAINT `craft_usergroups_users_groupId_fk` FOREIGN KEY (`groupId`) REFERENCES `craft_usergroups` (`id`) ON DELETE CASCADE,
	ADD CONSTRAINT `craft_usergroups_users_userId_fk` FOREIGN KEY (`userId`) REFERENCES `craft_users` (`id`) ON DELETE CASCADE;

--
-- Constraints for table `craft_userpermissions_usergroups`
--
ALTER TABLE `craft_userpermissions_usergroups`
	ADD CONSTRAINT `craft_userpermissions_usergroups_groupId_fk` FOREIGN KEY (`groupId`) REFERENCES `craft_usergroups` (`id`) ON DELETE CASCADE,
	ADD CONSTRAINT `craft_userpermissions_usergroups_permissionId_fk` FOREIGN KEY (`permissionId`) REFERENCES `craft_userpermissions` (`id`) ON DELETE CASCADE;

--
-- Constraints for table `craft_userpermissions_users`
--
ALTER TABLE `craft_userpermissions_users`
	ADD CONSTRAINT `craft_userpermissions_users_permissionId_fk` FOREIGN KEY (`permissionId`) REFERENCES `craft_userpermissions` (`id`) ON DELETE CASCADE,
	ADD CONSTRAINT `craft_userpermissions_users_userId_fk` FOREIGN KEY (`userId`) REFERENCES `craft_users` (`id`) ON DELETE CASCADE;

--
-- Constraints for table `craft_users`
--
ALTER TABLE `craft_users`
	ADD CONSTRAINT `craft_users_id_fk` FOREIGN KEY (`id`) REFERENCES `craft_elements` (`id`) ON DELETE CASCADE,
	ADD CONSTRAINT `craft_users_preferredLocale_fk` FOREIGN KEY (`preferredLocale`) REFERENCES `craft_locales` (`locale`) ON DELETE SET NULL ON UPDATE CASCADE;

--
-- Constraints for table `craft_widgets`
--
ALTER TABLE `craft_widgets`
	ADD CONSTRAINT `craft_widgets_userId_fk` FOREIGN KEY (`userId`) REFERENCES `craft_users` (`id`) ON DELETE CASCADE;

SET FOREIGN_KEY_CHECKS = 1;
